Total_deaths,Asian,Black,Mixed,White,Other_ethnics,No_religion,Christian,Buddhist,Hindu,Jewish,Muslim,Sikh,No_answer,No_qualifications,Level1_entry_level_qualifications,Level2_qualifications,Apprenticeship,Level3_qualifications,Level4_qualifications_above,Remote_jobs,Underground_metro_light.rail_tram,Train,Bus_minibus_coach,Taxi,Motorcycle_scooter_moped,Driving,Passenger_in_a_car_van,Bicycle,On_foot,Other_methods,Children,Pre_Teens,Teenagers,Adults,Middle_Aged,Elderly
1.35,21.61,8.21,25.21,934.11,10.8,478.57,431.25,4.24,3.24,3.86,13.01,0.48,59.18,160.08,93.96,123.15,51.51,140.29,229.04,143.55,0.23,13,14.33,1.08,3.63,220.83,16.72,13.82,30.02,4.85,110.01,69.61,38.98,146.95,194.7,439.76
2.42,18.72,5.9,23.98,1901.98,4.65,925.25,888.24,4.34,3.45,0.93,5.42,3.94,112.54,320.2,170.03,232.53,108.94,290.07,468.88,235.87,0.42,3.11,22.59,2.37,4.85,545.52,37.65,8.41,64.76,6.65,101.34,66.23,37.45,164.76,181.02,449.21
1.94,40.75,13.28,38.48,2447.86,14.16,1018.82,1331.15,7.78,6.06,4.06,17.92,1.22,154.2,426.57,250.08,330.35,141,371.56,570.73,279.8,0.81,19.68,19.58,3.35,5.89,618.91,59.23,31.2,82.76,12.7,93.91,59.75,36.96,152.5,163.99,492.89
2.99,30.49,24.4,31.9,1861.39,8.52,983.45,822.58,3.87,6.48,0.62,11.81,4.55,114.13,376.18,190.54,250.02,107.66,284.96,343.7,177.55,8.44,4,26.71,6.49,4.26,547.06,46.56,13.03,63.05,8.12,114.65,71.07,40.66,181.58,186.12,405.91
2.61,118.8,53.05,44.57,1811.02,29.16,836.63,979.09,20.78,42.09,2.2,32.69,2.28,117.09,291.71,187.43,254.26,92.21,282.46,498.06,296.22,1.29,24.4,18.23,2.35,3.42,501.79,39.54,18.37,70.23,9.7,119.95,75.74,43.77,175.36,188.24,396.94
2.21,13.56,7.79,20.93,1383.01,5.33,614.1,709.02,3.75,2.42,1.97,6.71,0.4,86.03,209.01,133.89,188.11,74.1,207.76,353.49,204.05,0.5,5.38,4.37,1.13,2.85,364.73,21.8,7.73,47.33,5.7,94.46,67.57,40.04,141.62,168.99,487.32
2.34,876.62,725.16,144.39,1522.53,122.17,638.16,1539.06,12.72,102.19,4.21,827.13,66.37,185.77,570.07,259.53,315.54,96.98,338.03,833.36,303.22,237.05,134.17,150.12,8.4,9.28,476.12,37.06,18.87,69.16,21.94,162.58,98.44,53.96,212.51,231.38,241.13
2.23,1161.51,474.86,323.62,3482.14,589.8,1219.02,2204.92,64.42,342.46,877.13,738.81,23.61,481.14,739.96,330.02,475.42,149.19,597.1,2349.33,1233.64,321.6,72.66,233.78,13.51,18.54,725.01,49.1,33.49,145.03,37.97,126.77,78.68,42.74,207.05,226.91,317.86
2.93,35.59,26.57,35.52,3670.72,20.65,1594.28,1944.35,6.74,6.44,0.96,21.75,3.97,197.19,779.73,334.47,448.93,204.39,521.36,725.02,346.1,0.57,14.01,73.33,10.83,6.69,1027.24,107.86,11.43,117.36,14.81,113.78,69.32,39.47,185.62,183.42,408.39
2.96,123.86,138.09,76.5,2542.58,24.87,1282.48,1351.56,8.61,36.04,6.24,52.38,5.5,151.8,477.59,301.18,379.4,123.41,392.21,566.11,421.79,10.95,76.95,28.6,12.43,5.98,646.52,59.15,16.38,85.18,15.12,131.55,75.88,42.58,191.36,197.83,360.8
1.55,169.91,55.94,73.08,2538.31,31.28,1246.27,1302.77,24.52,63.5,2.6,43.41,7.82,159.93,330.02,246.55,334.19,114.72,418.72,818.1,589.6,0.9,21.63,33.4,5.69,5.55,649.57,53.4,21.6,109.01,12.02,119.39,71.5,38.2,188.39,209.61,372.91
1.82,22.54,11.4,21.77,1760.27,9.09,685.3,1008.91,3.92,4.2,0.7,11.37,2.82,100.56,325.55,165.01,222.97,100.92,262.77,384.96,166.41,0.39,4.15,10.75,2.63,3.72,526.48,48.77,16.03,64.2,7.25,106.35,67.13,38.08,168.91,177.41,442.12
1.37,98.98,28.6,81.43,2762.45,24.94,1434.1,1263.47,15.43,13.56,5.04,29.58,2.51,215.81,306.83,185.48,296.64,117.87,547.17,995.41,536.21,0.96,9.74,47.45,3.64,8.09,553.91,40.85,26.54,152.57,11.5,98.58,65.8,65.63,215.74,172.72,381.53
2.59,360.4,152.57,133.02,2171.66,51.95,979.8,1366.11,9.74,47.17,3.59,202.32,63.74,165.94,384.42,238.06,309.5,128.02,371.45,796.49,442.59,1.64,20.95,27.61,17.07,5.52,664.48,68.21,39.18,107.44,13.04,123.66,76.69,43.68,191.27,208.04,356.67
2.35,378.55,465.94,135.41,2744.73,93.92,1283.03,1919.66,31.73,116.44,3.36,150.6,81.68,216.68,551.26,331.74,442.08,158.41,503.68,958.02,630.42,43.97,188.45,120.27,10.66,11.88,658.48,45.22,15.42,81.46,21.63,126.7,78.79,45.17,184.58,206.35,358.42
2.37,5505.82,1948.35,855.27,8623.3,805.07,4281.02,6032.91,67.24,340.79,26.14,5295.54,513.21,1082.25,3287.5,1395.56,1722.96,502.35,2355.59,4118.02,1767.05,15.14,142.84,668.09,103.38,17.32,3144.42,333.97,88.94,487.75,85.29,136.51,86.47,61.57,227.69,194.5,293.27
2.02,131.64,24.7,42.84,1375.01,20.37,679.37,692.27,4.07,59.26,0.88,22.01,45.35,85.02,224.07,129.72,184.08,92.09,239,395.79,240.54,0.36,2.08,15.46,3.04,2.87,448.99,30.49,13.65,33.79,5.78,115.95,71.17,40.17,173.11,192.44,407.16
2.69,854.85,21.78,40.22,1446.88,33.6,506.87,910.86,4.06,7.48,0.76,838.86,2.15,119.46,448.09,200.91,256.77,101.48,291.62,496.6,191.92,0.5,8.09,24.29,32.84,3.04,547.09,66.29,6.89,93.23,10.49,137.12,90.53,55.44,194.89,198.44,323.58
2.71,56.95,11.02,34.24,2069.03,13.82,895.66,1110.79,7.75,7.92,3.52,31.05,1.69,115.7,442.7,211.89,270.66,122.22,300.28,405.55,186.11,4.06,4.97,52.38,14.69,5.16,455.11,53.93,21.3,108.51,13.45,108.25,66.88,41.28,180.93,176.23,426.43
2.77,11.19,6.49,11.53,1210.64,3.75,558.77,598.83,2.32,2.05,0.6,3.9,1.94,69.98,248.16,119.25,155.95,69.96,182.36,223.19,106.65,0.26,2.09,13.4,3.02,2.99,377.23,33.48,3.87,42.05,5.22,107.05,67.28,37.31,184.86,180.76,422.74
2.3,923.3,174.11,102.92,3299.01,85.86,1181.22,2155.7,8.92,91.2,2.46,914.02,3.39,213.15,812.6,384.09,501.22,221.96,591.66,986.54,458.08,2.8,25.07,74.02,40.02,6.58,1050.44,105.81,16.38,142.93,21.22,131.41,83.73,48.5,183.97,193.34,359.05
2.23,22.36,7.24,15.72,1033.87,13.12,341.36,653.34,2.54,3.67,0.64,14.98,0.5,70.85,246.66,113.36,128.19,65.7,126.37,169.85,55.12,0.42,1.19,8.09,2.57,2.22,317.46,64.36,21.81,42.57,5.22,110.75,72.48,41.76,179.51,191.35,404.15
2.17,209.94,65.58,171.86,5662.7,89.98,2615.95,2904.05,31.33,44.01,24.8,102.95,4.14,427.16,826.02,512.84,733.34,312.75,987.98,1664.48,854.42,2.06,15.96,128.77,8.89,23.11,1380.13,106.87,92.71,238.45,30.75,100.17,62.97,45.98,192.23,190.81,407.84
1.26,137.56,46.37,59.54,1661.87,25.11,779.28,916.25,16.1,45.58,2.94,34.33,16.34,108.15,204.24,163.93,231.29,80.11,276.91,551.2,410.74,1.05,15.12,11.36,3.75,4.45,467.78,33.46,14.13,58.17,8.63,120.18,77.82,43.79,191.76,219.55,346.9
2.13,2721.49,170.08,232.48,5174.59,166.7,2390.58,2828.42,14.86,73.7,3.94,2584.88,74.89,461.93,1566.64,713.45,890.17,352.87,1026.77,1791.92,858.23,2.03,64.45,160.77,91.64,8.16,1699.18,195.69,23.63,282.43,39.78,138.45,90.01,54.8,193.43,197.11,326.19
2.59,39.75,29.27,46.69,2277.12,12.63,1083.4,1131.83,6.46,9.16,4.35,15.79,1.74,142.38,360.02,241.2,327,115.67,357.58,506.2,339.8,2.12,26.31,13.12,3.47,4.57,645.08,43.35,12.27,81.2,10.57,112.28,72.55,40.54,171.51,190.74,412.38
2.09,20.76,12.7,31.78,2114.07,12.53,923.7,1095.48,6.2,3.24,2.25,10.07,0.96,137.53,406.34,219.93,284.78,124.96,308.47,421.51,223.16,0.36,3.32,11.34,2.65,4.85,606.88,48.58,18.41,86.37,11.02,102.18,64.81,36.84,164.97,170.39,460.82
2.33,1727.66,921.73,267.23,1823.49,524.59,715.03,2043.69,48.29,819.19,57.68,1124.36,23.7,364.17,925.99,376.41,405.1,147.63,531.98,1704.15,758.94,374.92,128.08,332.15,13.73,27.9,540.95,49.89,63.12,170.42,34.18,117.13,73.19,48.92,246.45,224.13,290.18
2.91,60.62,27.07,36.69,1056.5,12.8,397.46,668.95,4.68,21.24,5.11,18.92,6.12,67.14,146.9,94.06,149.78,45.95,167.17,344.68,260.03,8.35,38.28,5.73,2.76,2.03,219.82,13.43,2.76,28.12,5.87,114.96,69.08,39.78,175.26,195.42,405.5
1.46,204.77,84.56,204.94,3665.1,133.69,2369.84,1326.61,38.03,32.53,38.03,131.69,5.86,306.13,452.62,256.32,388.35,124.75,718.22,1623.47,921.73,2.45,54.83,154.09,8.35,14.42,540.58,47.79,81.83,307.61,24.28,89.5,61.11,54.16,250.41,213.24,331.59
1.2,484.44,432.09,327.14,5935.86,140.21,3762.59,2356.83,41.98,54.92,19.02,492.29,34.81,502.32,877.76,454.71,647.42,236.76,1146.16,2542.43,1425.72,1.78,25.56,226.46,15.48,23.94,1222.6,113.55,193.13,414.12,32.84,111.56,63.61,53.21,287.42,203.36,280.85
2.35,28.37,10.6,28.54,1965.53,7.7,907.62,972.42,6.06,5.76,2.43,10.04,1.38,126.09,300.79,189.83,269.01,125.71,310.35,469.74,293.34,0.46,2.54,18.9,2.56,6.1,540.52,30.38,22.03,42.08,10.77,97,64.06,38.27,145.56,179.09,476.02
2.04,423.06,389.62,274.84,3908.7,116.19,1904.71,2470.32,32.53,149.41,14.97,168.5,16.55,329.03,566.73,356.79,546.24,163.59,610.72,1758.53,1169.86,48.74,235.7,125.01,9.19,14.97,701.88,44.18,27.64,108.9,25.62,121.57,75.11,40.47,167.97,222.84,372.04
2.49,48.94,11.87,37.4,1430.11,8.29,575.38,822.27,4.4,10.38,1.46,13.31,17.85,85.49,197.14,113.95,177.05,67.21,208.78,460.1,254.64,0.36,10.02,5.73,2.79,1.84,390.32,23.32,4.45,33.74,5.39,109.36,72.96,41.53,147.42,185.87,442.85
2.17,56.66,102.07,60.89,1244.07,70.2,506.82,813.24,7.42,17.82,5.65,65.83,2.42,89.9,256.51,144.84,181.68,69.84,205.59,336.02,220.27,15.14,40.4,15.45,4.86,3.63,365.41,24.99,8.03,41.61,8.58,122.36,75.31,43.55,184.66,204.42,369.7
2.35,95.31,28.92,43.67,1528.13,22.71,805.09,722.64,7.36,18.82,1.89,39.43,16.07,99.09,249.11,135.68,177.95,85.75,259.83,490.19,268.05,11.23,3.78,30.88,2.73,3.27,377.51,27.19,20.78,52.33,6.6,102.22,63.64,41.49,188.6,182.36,421.69
1.56,1058.42,221.06,303.19,6850.26,135.67,2931.26,4042.96,45.15,230.78,26.15,600.18,136.51,515.52,944.75,610.83,921.39,329.39,1081.55,2815.33,1737.97,29.7,62.65,59.34,25.33,13.82,1857.93,127.69,34.36,246.15,38.19,119.41,78.9,43.35,162.82,204.43,391.08
3.06,215.81,5.05,23.32,1210.16,12.05,462.02,706.59,3.52,2.7,0.51,205.35,0.82,79.31,284.24,129.64,161.36,76.22,195.36,283.5,104.39,0.25,2.99,25.27,17.71,1.74,347.31,39.78,6.24,68.69,5.83,126.1,79.38,44.72,190.93,187.41,371.47
2.68,319.04,57.17,79.37,2489.91,57.77,883.2,1466.67,7.87,13.54,166.3,298.12,8.91,148.59,444.73,233.46,351.05,133.31,396.41,775.19,411.78,33.51,3.87,44.37,17.91,3.66,680.84,55.39,14.38,91.51,13.62,121.99,79.08,45.16,178.26,195.62,379.89
1.54,336.59,22.29,62.39,2755.14,24.83,1344.56,1327.36,9.76,18.17,2.37,304.43,6,172.42,495.22,252.73,361.77,163.04,450.77,796.61,422.64,0.76,17.94,57.94,17.2,4.43,719.6,67.11,10.3,115.11,13.74,116.73,76.84,43.74,169.61,191.03,402.06
0.83,335.04,55.17,114.8,1682.03,69.83,1009.5,795.31,25.84,51.14,16.38,114.52,4.99,221.78,185.24,92.79,133.11,50.13,351.46,1079.31,497.51,1.32,12.49,38.96,6.55,5.78,208.92,23.7,183.37,106.25,8.86,89.58,53.96,70.8,344.11,189.85,251.7
1.47,589.37,292.69,215.94,1937.56,219.99,1127.49,1022.2,37.34,61.83,156.15,524.11,7.54,290.38,324.54,139.37,197.93,52.71,389.7,1579.19,900.27,160.36,44.18,101.2,11.36,8.46,109.59,7.9,61.86,164.53,18.44,94.73,58.64,56.19,298.42,211.33,280.69
2.64,18.72,7.31,22.03,1504.81,4.49,639.75,816.57,3.44,2.51,0.45,5.36,5.87,76.46,280.94,152.23,202.63,77.29,240.46,290.46,147.63,0.11,6.52,9.16,4.12,3.41,484.27,42.4,6.69,47.02,5.9,112.03,67.43,39.75,189.36,184.26,407.18
2.86,98.8,60.51,66.87,2176.29,36.52,1023.86,1137.36,14.89,20.09,4.8,44.54,4.32,171.38,333.94,183.51,257.15,100.02,446.6,680.06,311.54,1.63,23.81,29.53,3.25,4.01,474.12,38.62,17.12,110.69,10.74,92.55,64.05,69.08,208.76,162.35,403.2
4.07,24.01,18.27,22.4,1316.58,6.6,603.98,674.62,3.69,6.74,10.24,11.03,1.21,71.14,275.04,157.3,195.7,78.02,196.12,212.98,180.83,1.89,28.49,12.52,2.56,3.14,335.35,23.8,6.54,33.19,7.05,102.12,67.26,40.67,160.41,170.44,459.1
1.97,159.9,108.73,137.65,4113.98,38.45,1952.08,2182.95,15.43,47.02,9.61,61.43,21.67,247.43,551.51,381.89,540.57,217.97,667.84,1218.55,807.98,3.18,47.13,24.17,5.78,7.28,1190.14,77.09,23.32,135.62,18.89,123.45,71.93,38.98,180.6,202.71,382.32
1.76,354.05,44,72.2,2346.49,33.43,1160.43,1182.5,9.96,190.22,2.31,88.35,31.64,169.97,373.71,214.7,293.89,139.15,522.81,772.83,397.2,0.88,6.32,30.6,3.63,4.76,683.18,49,30.06,97.2,10.95,103.45,64.34,64.21,210.83,181.16,376
2.28,149.44,73.68,73.19,2489.67,26.28,1157.93,1350.66,13.6,47.78,6,56.8,4.4,163.37,347.05,237.32,348.78,118.07,401.52,775.96,534.84,3.97,45.1,31.51,3.16,5.28,593.09,39.88,26.72,96.53,12.13,113.88,72.23,41.93,181.52,203.22,387.22
1.82,76.25,18.3,45.69,1681.86,18.98,816.97,837.73,8.66,18.47,3.07,27.02,2.8,116.75,204.21,121.59,191.15,67.19,246.12,657.52,336.36,0.39,3.86,26.6,1.83,3.64,355.69,30.68,36.75,113.41,7.31,102.96,68.72,45.69,204.83,195.34,382.47
1.43,150.37,44.08,71.48,2197.33,31.28,949.48,1254.7,13.94,19.26,3.1,80.65,9.64,151.1,324.59,212.67,281.48,113.17,325.07,710.18,423.61,0.64,15.91,29.23,6.77,5.34,612.08,51.95,33.4,126.03,11.42,116.59,72.39,40.06,191.47,207.95,371.54
2.28,147.66,37.52,109.36,5833.63,49.84,2327.87,3356.14,20.36,31.7,9.92,64.14,5.75,337.97,767.25,442.64,698.95,300.46,857.87,1917.75,1050.82,1.52,25.25,20.57,14.42,10.27,1447.66,115.48,54.8,216.12,25.21,105.39,68.39,38.39,159.76,187.68,440.4
2.42,112.03,32.64,81.97,5273.07,33.45,2091.89,3016.48,16.64,24.03,4.46,54.32,3.89,302.29,724.6,425.53,626.94,246.55,812.76,1632.72,823.96,1.39,20,45.13,15.31,10.36,1329.64,102.62,52.66,194.32,24.2,104.89,68.12,41.31,177.47,185.21,422.99
2,30.21,13,23.21,1531.55,6.57,713.68,765.64,4.11,5.53,0.54,15.18,2.68,89.47,269.26,145.38,202.18,85.44,239.34,357.15,166.89,0.29,4.4,30.4,9.51,3.16,411.79,37.79,7.05,59.14,6.01,103.2,66.42,37.09,177.42,182.14,433.74
2.32,33.59,12.13,31.71,1834.38,10.36,743.29,1021.12,9.47,4.83,3.5,10.61,0.67,118.36,240.69,143.51,222.47,82.67,287.96,604.09,300.32,0.74,11.17,10.16,1.27,3.55,403.12,27.34,24,81.83,9.74,92.29,63.74,42.27,153.87,161.81,486.03
1.92,34.15,10.12,27.47,1744.28,7.98,563.67,1122.25,4.43,5.19,0.91,25.53,0.91,92.8,238.93,139.54,208.65,100.16,267.46,505.28,256.87,0.42,7.42,13.77,2.91,2.82,495.45,36.52,9.82,53.68,7.19,110.71,70.75,38.49,166.48,196.89,416.69
1.28,22.39,3.59,7.28,92.26,7.47,58.3,46.11,1.47,3.14,2.74,8.37,0.09,11.88,8.2,3.45,6.07,1.24,10.97,92.01,55.8,5.41,1.47,2.05,0.33,0.2,1.92,0.2,2.96,11.74,0.84,43.59,24.01,21.56,370.44,211.56,328.83
1.82,153.49,103.2,86.79,2598.12,44.08,1324.37,1326.24,20.47,39.44,5.04,62.3,3.61,186.48,372.49,249.79,359.37,126.09,471.28,780.84,436.35,1.87,32.05,41.92,6.77,7.06,675.76,51.57,35.23,124,12.97,117.39,71.36,47.34,207.36,196.66,359.89
0.88,62.47,16.39,108.91,8553.92,93.81,4090.62,4014.83,32.21,8.47,7.85,20.65,2.01,590.79,1207.17,738.62,1121.15,487.32,1393.64,2260.21,973.43,1.24,19.75,52.83,10.63,29.82,2210,160.78,46.29,387.66,46.49,97.82,65.04,41,155.37,170.08,470.69
1.46,18.51,6.23,21.58,1355.76,5.11,516.06,783.88,5.16,3.67,2.46,3.66,1.01,84.84,161.73,104.85,164.84,56.84,194.82,470.51,266.91,0.62,2.43,3.36,0.64,2.31,311.39,21.33,8.2,59.46,6.26,95.03,64.83,38.12,138.05,174.73,489.23
2.58,121.37,26.96,76.67,7831.05,32.12,3124.67,4417.97,19.99,15.34,4.43,45.27,13,413.45,1406.79,640.76,956.26,419.24,1338.78,1797.43,821.32,1.52,11.31,115.85,21.91,9.06,1975.72,182.84,24.9,243.44,34.89,101.73,67.04,49.29,178.02,175.14,428.78
1.72,990.21,475.98,181.74,3505.14,196.85,1585.48,2348.32,19.47,212.62,4.01,554.63,267.98,327.92,831.5,426.7,541,221.3,813.75,1312.08,599.16,2.34,22.57,169.6,35.03,7.36,1088.11,152.51,43.64,178.18,27.61,122.81,75.42,62.17,236.34,191.42,311.84
1.69,282.52,82.59,74.95,1346.91,48.77,643.79,782.33,8.2,94.35,1.49,178.49,13.18,104.11,258.45,192.46,236.35,75.84,237.94,399.29,246.38,1.47,27.2,73.64,5.61,4.15,430.43,39.44,16.58,56.44,11.22,132.63,77.72,43.22,212.45,224.44,309.55
2.34,1061.04,1370.18,460.83,2927.87,233.41,1566.59,2957.22,36.73,358.58,9.43,630.81,25.62,418.84,772.72,439.52,592.45,182.6,705.45,1972.86,1099.6,126.2,266.92,308.35,13.7,22.53,811.52,54.33,37.52,155.2,38.56,128.39,77.19,45.08,206.7,219.43,323.23
2.74,42.06,9.39,31.76,4134.8,15.4,1461.09,2477,10.91,7.36,1.5,21.44,1.01,238.34,722.65,360.02,499.85,263.34,622.17,974.02,444.98,0.77,10.95,56.45,6.38,7.39,1109.49,93.85,30.5,199.75,18.73,100.43,65.67,38.7,165.25,172.43,457.51
2.01,138.63,68.34,81.58,2085.33,28.72,986.58,1114.77,11.25,39.46,13.88,75.43,4.82,144.86,281.45,193.64,272.59,91.84,307.43,724.2,468.28,4.32,25.41,16.14,6.04,4.68,531.04,38.16,9.37,81.79,10.77,125.79,76.03,40.08,174.65,211.9,371.55
2.26,45.95,10.86,22.81,1575.98,14.44,662.77,870.59,5.33,7.02,0.56,28.65,6.86,82.05,262.94,128.22,197.27,96.29,250.07,395.32,185.32,0.28,6.24,21.77,11.15,1.89,394.86,42.48,14.97,77.18,7.58,109.68,72.99,42.16,174.14,186.65,414.39
2.44,178.37,190.28,56.36,1346.86,36.95,659.69,870.25,10.71,68.68,1.41,63.52,31.2,96.13,228,155.05,214.57,78.32,235.29,454.89,282.23,7.36,70.85,30.41,6.1,6.65,410.43,29.5,8.24,50.54,9.03,141.75,81.42,40.72,200.53,224.49,311.1
2.71,633.66,162.39,148.14,2988.07,116.94,1481.7,1626.24,12.83,47.48,2.32,451.41,151.24,255.89,652.87,334.42,429.24,202.4,561.3,962.04,422.33,1.29,8.32,92.68,31.99,8.47,897.05,103.88,45.8,171.64,16.81,122.89,76.74,50.79,211.43,195.68,342.48
2.33,8.03,2.62,11.2,1083.55,2.87,413.47,615.49,3.21,1.04,0.84,4.01,0.79,64.39,148.47,82.13,125.82,49.16,148.54,370.88,176.24,0.25,1.74,4.9,0.82,1.44,262.94,16.11,4.68,41.13,4.54,82.99,63.46,38.4,124.45,161.16,529.52
2.59,140.77,57.97,71.31,4445.68,57.6,1900.09,2428.42,12.72,20.05,1.8,106.87,21.55,255.16,957.52,444.96,587.28,259.73,644.4,882.01,395.11,0.95,18.14,97.42,24.21,6.71,1236.66,143.97,38.34,151.77,22.5,113.8,71.79,41.02,189.07,184.34,399.97
1.42,66.7,16.76,68.73,5707.7,20.79,2359.01,3031.53,24.99,11.06,7.02,24.2,1.81,384.46,787.55,519.76,747.78,339.95,881.28,1569.37,734.3,1.6,11.33,29.25,5.78,15.63,1401.66,87.63,46.06,239.04,27.03,87.43,64.52,39.48,132.73,154.85,520.99
2.91,37.21,12.97,27.17,1710.68,15.48,763.82,894.98,9.16,11.2,1.75,11.37,1.13,100.04,289.8,166.41,230.92,88.03,266.75,402.05,190.42,0.81,15.85,17.04,4.09,4.09,431.16,36.31,10.44,69.13,9.64,104.48,69.7,39.79,161.77,169.21,455.06
2.23,419.03,126.57,142.39,4254.2,69.47,1803.4,2470.46,12.36,33.98,1.29,309.51,82.36,275.64,938.37,441.15,611.65,243.28,698.16,1016.14,486.99,1.95,29.27,94.89,22.84,8.72,1321.29,110.07,19.57,125.91,19.35,117.32,71.25,43.37,181.83,183.13,403.1
2.02,1723.41,611.82,296.85,2455,600.49,1088.09,2152.49,62.02,437.45,16.13,1067.55,441.4,380.08,819.95,369.05,425.44,155.11,587.48,2029.23,978.16,314.79,89.67,291.88,11.79,23.72,665.27,47.75,77.87,174.07,36.64,119.2,76.23,47.57,224.19,236.49,296.34
1.11,26.15,10.92,29.17,1284.52,8.91,583.79,659.57,5.04,5.05,1.91,8.55,1.94,86.14,183.18,108.34,149.29,67.93,181.82,387.42,241.78,0.25,13.85,4.96,1.63,2.68,352.22,22.82,12.58,34.25,5.42,111.55,74.55,39.08,157.63,204.99,412.19
1.2,22.6,5.39,26.65,2275.04,6.96,978.76,1171.56,7.73,2.53,2.39,7.98,0.51,152.71,297.57,196.03,294.5,127.04,336.53,667.95,306.09,0.4,8.37,17.96,1.75,6.83,539.75,33.29,18.23,90.72,10.4,94.14,61.27,37.07,135.95,159.31,512.26
1.56,36.72,10.19,32.21,1859,9.95,797.68,994.53,6.24,5.59,3.3,11.6,1.29,118.67,210.78,140.61,233.19,77.4,286.21,622.91,358.51,0.65,10.95,6.46,1.53,3.64,470.84,30.49,7.54,57.48,8.27,103.03,71.26,42.2,145.97,182.07,455.48
1.53,62.26,30.23,65.77,2147.07,21.02,973.18,1142.3,8.46,14.27,8.68,27.2,3.47,138.67,259.59,176.72,269.57,88.17,315.92,723.88,484.58,4.99,46.99,15.68,3.59,3.27,499.34,28.21,9.3,78.83,10.78,114.86,78.31,41.57,169.39,204.83,391.04
2.24,17.57,4.52,22.99,2155.02,4.42,855.14,1187.68,5.02,3.02,1.3,7.08,1.38,133.27,474.57,215.81,285.06,132.34,310.91,404.87,170.31,0.31,1.29,9.53,2.51,3.64,512.71,35.9,18.48,96.43,9.93,85.48,61.24,34.59,136.02,143.12,539.55
0.56,57.11,13.85,49.53,5161.54,19.77,2074.71,2825.79,13.71,11.74,4.4,30.46,3.52,318.53,813,448.2,628.46,319.47,768.46,1361.04,597.52,0.88,12.12,29.99,6.01,10.8,1382.84,99,62.95,190.08,26.54,93.67,64.34,38.46,143.99,168.19,491.33
6.03,178.97,21.32,42.19,1658.5,20.43,651,969.22,5.14,5.59,0.59,166.98,6.24,108.23,313.43,166.68,226.1,93.28,264.6,446.59,205.04,0.4,3.45,11.59,14.87,4.43,510.4,52.43,20.85,86.99,8.52,116.43,73.15,42.78,187.89,190.09,389.67
3.63,53.4,21.02,57.43,3665.96,14.28,1710.97,1796.26,12.61,10.72,4.12,20.03,2.34,233.57,621.33,360.9,480.87,220.94,542.13,882.58,430.29,1.08,7.93,19.16,5.14,9.81,910.41,56.59,56.75,128.17,22.53,94.04,65.85,39.08,143.17,160.96,496.91
3.11,54.91,20.26,43.41,1430.62,26.09,680.42,723.1,8.8,7.95,2.9,35.09,0.65,104.85,241.17,145.3,192,74.49,223.65,390.57,156.86,0.82,18.51,23.33,6.48,3.55,332.83,30.81,16.22,81.88,7.76,100.77,67.49,41.89,166.84,177.65,445.36
1.3,81.43,20.14,43.64,1953.35,15.31,950.92,966.23,7.96,20.91,1.77,21.78,15.85,118.67,234.79,173.66,254.03,112.34,325.45,566.1,370.16,0.64,13.22,12.84,2.93,6.52,547.59,36.42,17.79,59.32,9.56,118.14,73.22,39.11,177.73,198.84,392.95
1.92,140.24,26.8,88.12,1851.36,43.15,761.01,1117.53,11.62,34.36,11.62,54.7,11.5,137.87,182.08,109.19,192.76,54.46,229.46,878.07,557.47,4.48,42.74,10.61,2.14,6.06,316.79,17.96,22.17,47.45,9.82,131.24,84.82,40.37,134.21,228.66,380.7
2.25,588.3,937.49,303,2662.93,620.6,1010.75,2370.6,26.59,158.5,57.52,952.44,18.58,356.96,895.67,374.16,449.36,155.78,534.12,1446.56,696.81,194.54,110.59,236.87,12.69,12.21,723.83,48.74,31.6,127.24,33.73,133.37,87.26,50.47,192.18,216.01,320.72
2.84,149.94,60.92,75.85,1757.93,46.56,696.79,1033.87,7.93,44.12,67.8,72.8,28.61,125.8,321.22,176.43,249.66,85.05,272.28,552.03,389.96,73.5,23.83,13.22,7.24,4.6,418.53,26.69,6.24,43.46,12.05,115.63,69.94,40.69,172.43,199.94,401.38
2.71,143.04,24.31,55,996.36,35.21,447.78,603.54,8.51,44.79,3.19,60.82,3.47,76.66,127.75,79.11,126.68,40.71,156.63,443.74,277.78,5.38,33.22,13.15,2.62,5.45,211.26,14.35,10.21,39.3,5.61,122.92,78.87,44.21,157.62,221.64,374.74
2.56,27.7,13.49,31.73,1669.62,6.69,873.01,744.95,4.04,8.03,0.62,7.75,5.44,96.07,287.08,161.74,217.24,108.18,263.93,374.97,210.81,1.69,3.73,33.42,3.35,4.88,469.19,37.03,18.82,61.2,7.47,105.13,66.52,39.8,179.65,185.49,423.42
0.87,98.77,17.62,51.25,1828.65,28.71,982,809.04,11.08,10.81,3.11,43.61,2.77,149.15,233.6,140.95,197.22,82.36,432.48,598.2,283.28,0.54,8.18,43.97,3.22,7.31,343.78,33.71,43.7,148.78,8.41,92.46,55.79,81.03,262.71,177.24,330.77
2.31,32.75,10.38,26.76,1696.42,7.78,774.43,871.43,5.28,6.21,1.02,11.06,1.36,95.68,205.21,145.26,216.15,97.48,285.42,494.37,297.55,0.5,9.28,7.76,2.77,5.16,439.71,27.02,18.59,43.97,9.57,99.25,65.59,38.67,152.62,177.78,466.1
2.02,19.09,12.61,21.88,1522.61,11.2,633.6,826.59,3.7,3.3,1.7,10.57,1.72,98.22,339.12,169.6,206.76,88.8,214.45,250.24,146.61,0.4,4.55,8.18,2,3.38,436.36,41.95,22.57,56.61,7.24,106.68,65.37,38.38,173.92,176.88,438.77
3.32,66.17,10.57,32.66,1574.26,16.79,710.95,815.73,16.64,25.18,2.26,17.15,0.71,96.7,275.09,164.87,210.68,89.72,244.67,388.37,213.33,0.62,14.44,20.43,3.97,3.07,370.61,29.93,8.34,67.55,8.55,99.3,66.57,37.36,157.41,171.35,468.02
1.29,9.68,3.75,14.33,1314.84,5.31,561.42,681.19,3.41,1.6,0.91,3.67,1.05,86.65,208.02,118.49,177,73.16,199.25,325.7,173.98,0.15,1.47,7.58,0.53,3.11,362.19,25.41,4.43,35.4,5.28,96.89,63.54,48.16,152,161.72,477.69
3.12,18.17,5.13,17.94,1213.57,5.9,393.34,776.77,4.26,3.63,4.46,8.92,0.99,63.24,172.23,99.25,148.81,67.97,186.76,369.78,176.01,0.48,2.73,12.29,2.46,1.8,283.7,20.33,8.29,38.7,6.55,88.88,60.11,35.44,138.74,164.88,511.94
2.27,76.3,34.3,37.07,2842.72,48.46,1217.28,1542.63,7.27,8.09,45.01,63.92,5.98,136.4,541.85,248.22,345.17,180.16,425.05,700.98,362.94,23.67,6.06,111.56,11.99,3.61,634.53,65.83,16.92,103.44,15.34,107.69,67.68,40.93,184.98,188.29,410.43
2.47,70.21,41.44,63.98,1625.45,15.63,865.73,769.95,5.64,11.99,1.52,38.39,14.75,100.25,263.4,144.65,206.47,92.41,273.61,476.04,266.78,1.04,2.68,55.34,3.72,3.28,438.33,30.04,11.57,50.03,7.67,108.34,69.07,38,168.35,190.13,426.11
1.84,132.35,74.77,77.68,1742.31,24.32,813.47,978.28,6.21,19.88,0.99,96.05,3.95,122.52,301.69,191.12,253.02,101.26,309.31,453.86,246.46,0.37,3.33,43.16,3.01,6.48,532.03,48.97,33.68,91.55,7.61,119.25,73.14,46.17,205.19,194.45,361.8
1.9,18.11,15.24,18.75,1210.53,6.97,614.47,566.38,4.21,3.5,0.57,7.03,0.45,64.98,181.19,131.75,165.21,69.64,206.39,257.92,137.34,0.36,3.22,17.48,3.45,7.53,310.01,24.4,37.69,44.56,10.16,108.84,71.03,40.45,174.79,180.18,424.71
2.76,185.9,107.7,43.81,1268.73,50.04,532.22,814.37,5.38,23.1,1.18,51.53,132.62,85.47,266.26,156.26,199.02,76.75,216.31,349.7,201.98,3.14,41.13,25.8,3.47,5.33,384.2,40.14,6.27,50.57,8.89,128.67,80.35,43.95,185.34,199.18,362.51
2.08,29.99,17.1,24.4,1461.9,11.99,698.47,721.4,4.14,5.44,0.98,11.2,0.57,94.81,339.69,166.45,200.4,92.51,204.64,233.8,105.55,0.31,1.92,28,3.24,3.98,354.21,38.55,19.77,66.84,15.01,103.44,67.29,40.84,167.57,169.27,451.59
1.66,589.15,938.88,267.98,2494.4,187.96,1459.53,2000.28,77.99,180.44,9.34,382.9,50.03,289.96,593.66,284.27,367.9,122.96,467.16,1625.58,897.93,211.19,191.74,237.32,9.84,13.66,443.44,33.46,41.64,108.46,25.72,130.8,74.42,43.55,245.43,236.29,269.5
1.53,149.19,33.31,67.95,1933.29,41.72,882.6,1072.6,15.35,30.55,5.92,48.1,4.9,154.99,209.77,133.95,209.58,72.6,364.91,815.22,477.39,1.43,25.05,19.58,2.59,5.56,399.62,28.6,18.39,91.19,11.59,100.9,68.24,64.29,211.43,190.91,364.24
1.84,416.52,846.59,270.92,2133.47,347.36,1458.05,1231.65,36.3,30.95,269.97,535.7,28.92,347.68,542.91,198.03,270.33,76.5,374.47,1699.91,1035.59,158.63,77.32,216.82,14.9,10.41,180.43,13.18,155.1,196.72,21.71,120.76,70.94,43.06,316.71,222.71,225.83
2.13,22.25,7.92,27.75,1920.71,11.84,701.21,1166.11,4.51,5.07,0.71,12.47,1.24,92.12,338.75,191.15,269.62,88.59,295.24,385.39,225.39,0.4,7.28,29.68,7.62,3.59,492.35,50.06,18.31,66.56,8.27,115.57,75.36,43.05,180.44,193.51,392.07
1.53,299.1,347.86,190.84,1792.17,207.6,868.5,1296.31,26.69,34.22,19.02,329.84,6.97,237.01,284.01,122.27,176.41,54.75,312.41,1379.51,795.06,179.37,36.81,116.26,9.22,15.4,120.55,7.96,76.15,146.23,16.7,97.72,58.04,35.93,326.21,217.42,264.67
1.55,82.08,10.83,31.03,1376.53,11.96,580.66,759.85,3.97,38.38,1.83,17.35,22.73,81.82,169.44,112.04,174.26,74.86,215.35,470.77,270.72,0.33,4.17,6.27,1.15,1.58,388.99,21.26,8.29,47.36,5.48,103.35,72.78,43.02,151.91,187.81,441.13
1.79,357.57,719.88,287.48,2332.89,395.91,1294.17,1610.36,38.03,54.67,145.58,515.83,13.82,325.76,618.48,228.24,284.94,105.06,391.34,1615.41,863.98,335.09,81.69,237.67,9.7,17.15,285.62,22.57,80.96,122.7,24.77,112.3,70.25,43.82,250.79,241.94,280.89
2.01,86.06,90.28,47.22,1196.24,26.12,627.54,646.51,5.73,13.8,4.94,57.9,1.32,78.72,238.03,151.86,179.99,63.83,187.96,276.76,149.21,11.67,15.17,17.17,8.49,4.06,378.44,38.86,15.26,65.77,8.29,137.3,79.42,42.74,204.37,209.75,326.41
2.47,1830.48,296.7,152.34,1475.41,291.82,429.89,1372.67,43.57,1044.08,113.16,642.99,42.5,238.65,564.77,265.7,338.62,103.12,409.35,1461.21,699.88,241.76,73.14,134.37,7.99,9.14,587.45,49.93,14.18,95.22,24.09,121.87,75.61,45.07,206.95,222.29,328.21
1.51,55.7,13.06,34.56,1424.57,12.13,633.62,766.28,9.76,18.39,1.81,12.5,5.04,86.43,135.44,109.47,175.22,58.87,221.85,514.62,349.81,0.71,10.3,3.52,1.05,2.9,339.94,18.5,9.13,39.27,6.4,114.95,76.98,44.93,154.26,206.3,402.58
2.71,24.79,6.89,10.4,1379.89,8.58,573.15,751.31,2.79,3.44,0.42,18.79,2.57,73.67,267.8,109.63,169.85,80.64,213.43,287.02,101.79,0.51,4.17,19.23,9.9,1.13,347.78,35.26,8.69,48.51,7.89,114.42,76.76,43.45,178.58,172.69,414.09
2.64,39.29,19.55,40.88,1288.84,21.18,724.28,533.33,8.8,7.25,2.66,27.38,0.57,92.89,232.99,129.94,174.38,59.1,197.81,330.88,169.54,0.68,16.55,18.13,10.09,4.55,294.24,33.84,8.3,69.64,8.1,109.75,69.28,40.18,174.25,187.55,418.98
2.38,32.64,11.62,26.63,1845.59,7.85,912.03,872.5,5.53,5.25,1.5,10.18,1.52,106.19,317.47,180.38,243.51,102.14,283.22,422.36,223.29,0.28,9.67,24.09,6.32,6.29,482.81,43.8,18.3,49.81,8.63,104.87,66.95,39.55,162.73,166.38,459.52
3.22,436.12,334.13,151.01,3056.9,81.71,1243.05,2118.84,16.92,99.99,20.22,249.97,69.69,224.83,649.87,363.35,483.8,166.98,528.68,959.32,645.33,129.56,135.11,107.66,11.45,9.43,710.95,52.01,13.14,94.52,24.01,127.27,72.39,43.36,192.09,201.65,363.23
1.57,34.36,8.78,30.68,2808,15.79,1060.85,1589.76,10.01,5.95,2.2,12.24,1.81,200.81,438.67,232.11,343.69,143.43,411.68,796.63,350.41,0.48,4.2,8.6,3.84,6.26,742.65,56.39,39.8,145.49,13.11,95.9,63.97,38.45,151.63,167.28,482.78
2.95,175.38,80.27,62.56,1288.13,64.19,404.23,697.51,9.65,82.68,284.23,62.93,3.8,108.17,213.46,122.72,176.55,59.26,197.39,528.82,326.13,20.3,30.97,23.38,4.17,3.63,327.89,20.36,5.53,46.07,9.06,121.91,78.72,43.74,170.25,212.93,372.44
2.62,10.75,3.45,18.36,1372.86,3.39,625.61,683.61,5.14,1.33,0.85,3.7,0.28,80.72,175.17,109.42,161.31,70.93,213.04,417.09,200.99,0.48,11.71,9.48,2.8,1.91,359.06,23.8,5.83,69.73,5.41,100.44,67.52,38.11,158.04,180.25,455.64
2.31,1579.28,371.12,206.97,2283.41,298.51,917.38,1850.34,40.61,511.57,21.57,682.87,408.06,265.37,680.22,369.84,441.76,159.54,555.19,1404.62,700.16,145.04,57.54,206.93,10.38,11.96,858.61,57.49,25.21,111.95,27.14,131.9,77.41,48.61,210.06,224.48,307.54
1.82,48.76,10.72,30.83,1660.5,9.79,733.85,877.45,4.11,19.38,0.6,12.33,11.46,92.75,266.58,155.33,210.45,95.99,261.82,428.06,258.2,0.43,2.6,10.88,1.75,2.93,486.48,30.18,12.77,52.97,6.65,105.91,67.63,38.28,165.81,186.8,435.56
1.53,61.57,20.33,48.49,2129.33,14.22,956.87,1120.5,9,12.61,4.21,19.68,1.63,139.28,233.55,176.8,291.28,90.43,338.93,691.2,455.75,0.84,19.13,9.67,1.55,4.04,505.76,31.81,10.88,69.31,9.36,104.78,73.13,40.42,150.84,185.4,445.43
1.97,1639.83,322.4,209.37,1968.84,324.23,828.88,1708.35,60.92,423.88,9.64,744.08,382.31,270.64,660.45,335.79,362.37,125.34,434.51,1472.97,697.89,155.64,78.8,287.2,9.84,18.58,631.65,47.14,62.84,133.45,27.38,129.53,76.94,43.93,216.78,246.26,286.56
1.38,89,40.99,62.85,2589.06,19.64,1225.87,1325.67,10.38,15.06,3.44,40.02,5.04,162.15,359.34,244.63,334.76,127.38,403.12,768.32,494.21,0.79,15.57,17.32,4.86,5.44,684.35,48.62,36.47,97.31,10.95,112.09,68.03,38.34,173.32,198.14,410.08
2.57,192.12,3.47,16.9,1053.25,8.32,361.91,649.9,2.35,1.3,0.43,186.67,0.46,65.72,231.63,106.05,144.41,74.02,178.58,255.84,97.74,0.12,3.45,14.87,15.38,2.29,328.63,33.31,4.14,46.11,5.9,124.12,77.79,47.27,189.09,182.24,379.49
2.28,117.91,75.63,99.29,1824.36,46.23,980,912.48,9.23,20.79,1.56,84.17,7.06,135.13,375.71,208.17,249.43,108.68,282.6,453.86,258.17,0.53,8.66,38.39,7.14,6.99,497.82,59.54,33.17,117.33,10.71,124.42,74.76,45.98,205.37,204.05,345.41
1.82,25.76,7.41,26.65,2110.38,5.87,956.22,1038.08,7.73,3.98,2.11,9.19,0.6,140.97,341.83,206.9,271.14,138.29,332.22,507.89,200.2,0.6,3.9,35.49,1.29,9.62,460.19,32.53,19.75,114.71,18.89,88.39,60.22,35.46,141.52,155.17,519.24
0,0.09,0.06,0.36,31.05,0.28,14.72,14.98,0.05,0.02,0.02,0,0,1.94,3.3,1.84,4.21,1.36,5.28,10.15,4.99,0,0.02,0.11,0.02,0.14,4.37,0.29,1.97,4.79,0.59,99.13,58.79,13.61,144.31,183.67,500.49
1.5,333.59,445.3,251.46,2087.69,237.5,1370.57,1163.94,28.09,34.01,42.05,400.33,9.34,261.86,391.3,159.16,203.67,65.25,346.06,1610.84,999.74,171.95,47.45,144.79,10.67,9.61,121.94,8.55,95.02,153.72,17.75,97.81,54.38,40.7,344.15,214.28,248.68
1.75,263.76,174.74,147.57,1415.93,219.22,551.69,1074.18,24.88,24.54,41.54,261.28,4.94,221.71,216.45,84.37,136.38,36.84,239.19,1134.46,619.86,103.17,18.03,62.85,15.54,8.8,82.59,7.54,36.83,105.66,14.9,87.43,54.06,37.94,260.46,211.72,348.38
2.52,44.71,13.06,31.33,2286.13,15.68,943.47,1252.87,7.37,6.63,2.43,12.46,1.84,151.55,466.88,241.61,302.15,127.44,328.01,465.34,219.41,0.76,8.82,12.46,2.65,5.28,643.39,51.95,38.03,78.73,10.95,101.25,63.56,36.71,161.47,166.71,470.3
2.29,116.43,78.47,69.92,3795.51,76.39,2036.1,1648.58,11.56,10.01,2.26,143.85,4.29,262.71,836.75,374.35,466.99,227.6,579.7,720.58,240.66,0.64,6.41,137.93,23.19,15.01,948.72,141.04,126.56,165.4,19.29,124.7,74.3,46.37,226.45,190.29,337.9
1.81,463.82,73.45,139.37,1779.03,148.09,893.01,1110.35,26.74,131.01,10.74,207.07,22.12,185.38,249.86,135.47,206.35,66.99,306.23,1078.01,608.1,22.57,76.63,85.5,3.53,10.92,326.91,21.63,36.86,98.59,12.43,119.42,74.54,44.67,204.84,233.02,323.5
2.01,1304.51,154.12,210.51,4941.65,100.79,2333.17,2642.68,15.43,26.69,2.9,1240.12,53.85,371.03,1112.86,523.28,714.39,335.49,932.45,1603.98,773.2,1.56,32.46,107.83,52.72,9.36,1564.88,143.31,21.35,208.42,29.79,121.86,78.83,49.23,186.31,192.53,371.23
2.56,38.89,19.58,41.18,2281.04,13.2,650.7,1594.64,4.03,7.06,1.33,15,1.01,115.71,505.06,204.55,277.29,105.61,331.71,458.24,230.53,0.79,27.24,72.12,20.76,2.6,549.09,66.96,18.41,75.6,12.56,124.41,71.16,42.43,199.88,178.9,383.22
1.64,357.12,1179.68,397.07,2707.76,279.58,1845.52,2149.04,37.76,49.25,20.82,400.81,8.16,373.53,545.11,251.79,325.73,108.03,494.76,2344.21,1421.75,290.38,132.17,327.28,12.53,22.68,263.28,15.69,150.45,165.97,30.13,95.08,58.25,37.51,342.05,218.13,248.98
1.99,79.86,18.82,34.15,2061.49,20.17,843.31,1148.12,9.36,9.36,2.23,41.26,2.28,145.97,292.58,159.68,232.36,105.19,419.23,599.01,239.05,0.6,7.1,32.44,4.71,4.79,489.67,47.42,26.21,104.87,9.88,99.34,63.62,64.14,202.94,168.1,401.86
1.89,1216.21,702.99,424.31,9943.16,292.58,5054.16,5318.78,44.53,142.8,97.09,976.87,155.65,733.03,1852.87,932.5,1226.89,532.22,1871.23,3537.86,1961.13,3.86,61.2,420.65,83.07,14.14,2420.36,233.16,80.41,461.97,55.26,118.74,70.28,52.85,236.13,193.82,328.17
2.2,2478.46,445.66,215.33,2334.07,236.6,1310.78,1412.32,18.3,1019.74,5.05,1339.23,254.87,317.74,1203.65,482.63,526.04,170.79,725.98,1206.87,457.5,2.25,11.7,167.04,44.56,7.27,1041.81,212.78,84.74,334.47,36.22,127.82,82.61,63.78,246.62,202.05,277.12
2.66,29.42,11.19,38.13,1457.87,11.25,745.75,660.34,8.68,4.91,4.73,13.03,0.98,97.63,207.17,131.66,183.43,69.67,213.7,448.94,243.44,0.57,15.93,31.57,1.53,3.64,304.52,20.48,9.34,51.9,6.6,98.62,68.36,41.09,136.61,173.72,481.6
1.83,417.17,1246.73,375.74,2397.46,219.24,1710.06,2040.47,50.66,100.07,12.8,344.93,11.15,351.06,549.17,274.81,362.93,112.49,488.59,1871.72,1084.12,166.93,223.2,265.67,9.73,15.66,382.81,23.69,86.28,126.2,28.09,124.1,69.34,41.28,257.01,239.68,268.6
2.64,38.67,9.31,30.78,1563.47,6.74,628.43,893.66,3.8,7.13,0.95,11.19,14.3,82.67,234.09,138.35,193.46,73.48,236.12,461.51,247.25,0.43,7.96,7.62,2,2.45,429.33,28.23,7.98,42.29,6.4,102.26,65.36,39.55,160.51,178.94,453.39
1.58,51.85,22.71,32.04,1482.1,19.64,758.21,680.09,5.5,7.06,1.08,29.37,1.6,113.13,234.48,131.08,172.73,75.06,344.76,355.45,146.42,0.2,3.25,26.76,7.11,3.86,339.85,49.62,31.81,106.54,8.38,101.27,60.04,75.85,281.31,173.15,308.38
2.63,430.18,262.82,261.51,6327.84,248.41,2215.35,4312.05,32.97,58.9,28,399.03,9.93,443.69,1395.09,541.54,714.84,273.04,1253.49,1923.4,832.28,8.34,79.6,346.83,55.88,9.17,1268.86,157.4,75.32,313.48,40.42,109.23,61.64,59.92,256.6,179.98,332.62
2.26,1290.92,352.22,149.04,1577.11,120.58,613.2,1321.47,10.29,115.23,3.81,1149.41,46.97,212.2,611.62,304.43,339.95,129.35,384.71,798.58,328.43,5.17,38.87,104.08,28.13,4.09,738.08,104.09,17.09,138.74,22.67,145.13,88.23,53.02,221.76,214.28,277.58
2.26,127.24,55.87,62.17,2445.72,32.3,1092.24,1341.49,20.78,38.38,2.54,51.62,4.18,154.68,384,240.29,336.28,132.42,385.86,658.92,415.85,1.67,34.69,24.52,4.01,4.77,671.22,52.89,12.39,102.73,13.9,120.98,70.44,39.46,183.71,199.15,386.26
2.1,11.48,3.66,13.9,993.52,3.22,445.47,508.09,3.05,1.98,1.98,4.62,0.73,55.56,165.37,104.48,138.19,55.77,151.8,218.14,151.66,0.85,9.88,3.78,0.88,1.72,261.3,15.46,4.52,29.4,4.79,97.57,65.28,40.58,148.99,166.22,481.36
1.64,16.28,4.06,17.34,1189.51,4.28,469.58,663.8,4.46,2.22,1.01,5.98,1.33,76.77,151.49,89.56,145.3,57.15,167.03,403.13,193.39,0.23,4.28,2.65,0.59,2.31,288.94,17.09,6.6,33.84,4.76,88.8,66.77,41.92,131.75,158.18,512.58
1.65,1783.34,1020.85,449.69,4858.97,438.1,2773.75,3096.55,49.87,93.7,40.78,1905,42.11,506.81,1334.07,542.05,699.71,237.38,1233.54,2552.61,1145.89,95.31,44.12,366.69,56.61,7.16,1276.26,127.3,113.17,350.86,46.26,128.53,77.98,64.72,294.36,197.3,237.11
2.67,34.61,18.19,23.92,1622.26,12.67,780.83,796.09,4.73,5.83,0.57,19.21,3.7,93.14,339.44,163.32,204.75,91.38,245.6,308.33,135.67,0.46,3.14,28.3,9.4,3.66,487.06,59.51,9.2,51.62,7.81,113.59,70.26,37.56,186.52,189.88,402.19
2.61,255.38,243.59,121.76,3652.33,61.35,1863.9,1953.57,15.48,49.14,3.36,118.3,67.59,236.62,668.63,416.72,548.84,211.09,619.84,883.09,533.97,4.85,82.71,47.87,12.63,12.5,1076.8,97.62,14.59,147.47,23.39,127.4,76.39,46.02,195.32,198.72,356.14
1.76,9.28,2.97,10.21,776.83,2.48,315.51,430.24,2.29,3.1,0.43,2.01,1.08,44.32,108.97,66.51,97.65,44.82,122.52,206.81,112.49,0.08,1.86,3.14,0.7,1.44,214.77,14.13,6.51,36.39,3.01,101.33,68.85,38.18,149.91,173.14,468.59
2,620,354.58,197.76,2008.1,153.36,933.03,1569.71,29.42,195.36,11.68,335.77,9.51,230.65,381.26,191.61,255.78,89.11,337.52,1338.75,750.14,188.37,82,143.32,5.96,17.85,350.41,25.25,50.15,103.54,19.18,124.69,72.42,38.4,220.84,244.43,299.22
0.83,8.71,1.56,13.93,1255.95,3.45,577.94,607.26,4,1.7,0.98,2.12,0.45,81.32,179.93,107.95,163.42,63.86,189.97,324.23,185.34,0.15,2.15,8.97,0.99,3.01,330.09,24.14,7.37,55.85,6.01,103.9,72.88,41.27,147.29,174.95,459.71
1.72,12.72,8.57,22.67,1540.94,6.21,692.75,785.07,5.07,2.56,1.33,3.94,0.42,93.31,235.25,141.73,198.06,82.81,242.72,401.52,240.55,0.43,6.89,2.65,1.01,3.35,440.24,22.68,11.73,38.65,6.85,94.39,65.25,40.04,154.05,169.81,476.47
2.09,85.29,20.71,59.29,2180.18,18.17,994.73,1132.63,8.94,24.37,5.08,28.52,2.29,149.75,223.98,178.13,286.78,89.38,344.82,738.83,485.13,1.08,39.49,9.65,2.91,4.35,499.19,33.53,9.71,92.32,8.92,115.99,75.72,40.65,152.2,206.14,409.29
2.54,233.78,59.12,46.49,1836.6,53.73,812.04,1024.73,6.77,22.25,0.64,227.79,9.39,119.03,422.67,173.84,236.57,109.07,309.48,466.75,146.84,0.43,7.27,35.08,31.76,1.53,476.32,62.9,17.37,79.46,15.38,130.09,78.26,47.06,214.1,176.12,354.38
1.75,552.23,431.48,181.65,3193.24,88.7,1687.96,1904.58,21.75,200.02,5.93,317.35,30.35,255.21,551.18,378.36,495.93,162.32,547.99,1247.85,808.68,3.53,29.67,70.23,44.25,6.94,971.59,108.22,43.52,112.91,21.78,132.37,84.42,44.37,195.19,228.53,315.13
2.73,40.85,10.94,33.99,1255.61,12.46,519.98,706.71,5.34,10.01,3.38,16.21,1.83,84.82,137.9,96.61,152.71,49.72,173.24,483.59,300.23,1.1,19.4,4.52,1.56,3.38,258.08,16.3,6.97,38.42,6.03,99.38,72.8,41.51,136.18,187.51,462.63
1.72,32.58,10.89,34.32,2635.57,9.96,1108.32,1406.23,8.3,4.4,3.63,9.14,1.35,166.41,371.06,236.66,340.87,161.06,408.52,718.55,371.2,0.43,6.94,10.98,2.17,6.27,663.78,42.78,27.79,73.85,13.09,90.34,63.48,36.97,132.32,158.61,518.28
1.81,21.86,12.46,28.57,1833.8,8.27,784.78,979.47,4.48,3.55,1.39,11.6,2.57,109.1,301.3,163.87,231.04,98.53,285.11,458.26,229.07,0.51,4.45,8.83,2.49,3.21,492.57,39.46,26.14,70.06,8.06,103.63,67.07,40.23,169.43,177.77,441.88
1.64,528.73,153.7,107.21,3718.25,141.85,1897.61,1921.22,20.95,65.25,8.88,416.69,22.45,276.84,716.25,305.65,401.12,185.03,817.51,1333.34,581.42,36.21,12.3,184.16,25.31,3.64,751.2,84.98,44.67,190.93,22.94,107.8,64.38,68.1,270.82,175.25,313.65
2.84,71.92,19.97,30.8,1774.26,13.28,743.78,990.46,7.34,10.81,1.02,34.44,3.9,110.25,320.53,154.79,217.7,106.64,312.95,448.32,201.54,0.19,3.39,16.16,17.03,3.97,510.06,52.12,9.39,58.07,6.26,99.77,63.37,51.42,186.49,175.13,423.82
2.12,2295.8,949.73,254.37,1672.38,266.09,786.95,1917.15,33.46,331.62,6.94,1892.36,87.35,355.29,885.42,386.25,435.06,133.53,554.37,1721.69,739.57,594.47,217.07,229.62,12.43,16.47,439.2,36.76,58.21,152.11,36.31,134.4,78.86,50.61,287.77,235.56,212.79
0.56,17.58,5.04,18.19,1481.7,5.25,689.27,713.12,5.05,2.71,1.39,6.68,0.79,99.93,226.13,140.97,197.42,86.09,226.25,363.43,169.75,0.25,1.1,15.14,1.84,4.15,365.45,28,17.01,90.38,6.62,98.75,67.74,39.8,148.62,165.19,479.89
2.67,14.75,5.02,18.13,1539.45,2.94,668.86,804.9,3.08,1.91,0.96,4.68,2.14,87.53,264.4,141,191.55,90.24,237.47,364.18,179.34,0.57,2.28,18.33,3.04,3.11,438.41,31.11,4.6,34.77,5.84,100.22,63.77,37.24,155.96,171.98,470.83
1.61,37.76,13.11,25.05,2339.85,16.07,1131.08,1100.95,6.46,6.58,1.22,29.78,2.84,142.81,478.83,240.62,317.8,128.79,323.56,426.62,148.81,0.29,2.43,35.2,8.78,5.56,637.98,62.59,53.03,98.53,13.45,114.47,73.09,41.43,176.45,174.5,420.06
2.24,107.77,50.12,76.12,1806.75,23.02,918.94,903.53,10.19,22.54,5.72,31.98,35.32,124.19,227,154.72,222.44,74.88,257.87,693.14,444.47,1.75,37.83,7.08,2.46,3.27,419.96,31.93,13.56,70.75,7.37,117.9,73.3,38.75,166.24,209.77,394.04
1.65,17.97,6.44,21.19,1777.45,6.18,722.59,978.31,3.33,3.78,1.04,8.2,1.41,102.16,246.13,150.91,225.73,98.28,304.62,453.59,238.68,0.4,4.65,8.01,1.49,4.14,510.62,31.76,19.91,53.74,8.01,102.84,67.03,39.18,162.59,177.34,451.01
1.64,87.1,12.67,28.2,2479.62,21.26,1016.02,1370.4,6.29,6.48,0.76,65.08,8.77,145.48,472,252.41,326.96,153.72,371.11,516.85,205.7,0.33,2.03,16.05,3.61,5.86,730.89,66.08,35.74,102.51,12.1,106.63,71.43,40.63,167.57,176.5,437.24
1.8,8.75,2.84,15.15,1564.86,3.8,632.16,833.89,5.78,1.16,2.01,2.68,0.26,107.53,284.01,160.15,210.3,97.6,223.5,362.39,156.57,0.56,4.48,5.69,1.64,4.15,369.78,21.66,12.52,59.88,8.44,78.52,55.81,33.73,124.52,141.87,565.54
2.79,197.16,170.68,126.65,5029.89,45.56,2370.33,2669.82,16.96,70.34,4.51,67.75,27.69,313.14,893.64,533.01,688.3,281.95,747.86,1197.28,653.2,1.66,14.27,38.25,26.94,9.36,1579.08,167.04,45.01,210.64,25.49,118.67,76.97,42.62,180.84,199.27,381.63
1.54,51.47,17.65,56.32,3213.61,18.65,1519.59,1564.6,10.77,7.25,2.57,20.85,1.81,212.19,412.34,266.77,410.27,165.27,501.6,937.13,518.47,0.46,12.41,27.61,5.98,7.89,804.96,58.84,30.23,111.31,12.91,105.71,70.37,38.8,151.85,187.39,445.88
2.06,83.6,19.85,44.6,3070.75,18.65,1493.69,1507.94,9.09,12.75,1.98,38.99,6.77,154.21,464.28,248.27,376.47,182.39,448.8,873.39,476.21,47.11,10.55,67.28,12.25,4.55,680.65,63.84,29.2,95.7,19.52,109.74,69.51,38.27,170.24,199.03,413.2
2.31,13.08,5.64,17.24,968.5,3.11,384.25,554.29,2.15,2.94,0.4,4.01,4.74,50.65,185.2,96.32,128.05,50.83,146.9,207.4,130.31,0.14,2.93,6.15,1.81,1.8,291.45,22.15,4.34,27.08,3.81,105.19,66.04,39.36,168.02,177.7,443.68
2.02,23.91,9.95,24.66,1556.21,7.45,712.46,796.77,3.42,7.41,0.7,6.49,4.71,83.07,244.98,132.77,187.97,86.23,250.56,399.99,230.44,0.28,1.02,10.36,2.56,4.06,465.58,30.24,9.22,45.27,5.96,108.17,68.9,40.89,179.3,190.69,412.06
1.66,128.85,38.05,104.11,9220.48,44.05,3514.94,5305.3,31.53,26.01,9.78,46.23,5.04,553.98,1285.73,737.8,1121.31,525.21,1360.71,2772.38,1360.96,2,26.85,63.36,12.75,15.59,2290.73,167.61,70.77,491.61,45.38,95.82,65.54,41.05,148.38,169.58,479.64
2.18,52.27,9.26,39.61,4849.6,15.65,1993.94,2644.09,11.65,6.91,2.66,25.33,10.13,250.69,746.32,403.6,602.24,288.53,738.84,1280.51,595.38,3.19,9.45,61.89,9.08,4.43,1180.84,91.87,22.67,175.78,26.41,96.46,64.89,38.33,145.89,170,484.44
1.39,121.88,55.43,70.01,1943.1,39.34,1192.51,749.83,15.23,26.63,5.13,66.45,2.87,151.21,319.41,172.7,223.91,80.27,389.95,638.33,301.61,0.9,4.97,47.97,7.65,8.83,380.42,42.65,62.65,148.9,11.63,100.95,59.98,62.37,279.42,191.89,305.39
1.97,747.01,499.09,295.34,3306.58,165.93,2066.76,1738.27,25.89,83.71,14.58,612.58,63.67,373.36,798.7,357.82,462.36,167.86,1026.17,1172.37,509.94,42.76,12.55,235.75,23.18,8.57,775.7,91.89,55.23,212.99,27.93,114.55,68.72,87.32,284.66,176.6,268.15
2.04,167.04,37.89,37.94,1811.69,24.51,786.68,1007.67,11.25,33.85,0.6,61.65,54.67,109.5,380.62,200.04,251.96,104.51,285.68,411.75,224.04,0.31,5.76,22.81,5.42,3.92,567.88,55.65,16.98,67.42,7.61,118.63,72.21,40.39,190.2,189.15,389.42
2.79,249.91,19.43,29.02,566.9,29.39,270.21,309.79,2.87,89.04,1.47,100.39,67.27,48.46,135.89,70.97,93.5,41.71,135.27,234.29,115.84,0.37,1.47,11.99,2.25,1.49,217.08,16.14,7.64,24.54,3.78,110.28,72.17,61.31,165.9,181.6,408.74
2.59,922.82,127.18,94.89,2554.68,50.99,937.41,1684.35,7.25,18.93,2.26,914.54,2.05,174.65,715.88,320.26,403.13,184.97,477.62,713.02,323.84,38.39,7.22,70.74,29.06,3.9,803.21,89.38,11.67,123.55,20.51,138.18,89.24,52.54,189.31,190.56,340.18
1.08,387.18,116.74,139.51,1774.85,92.15,979.15,956.67,18.51,39.09,17.35,218.34,9.28,249.59,266.53,129.19,160.95,58.84,435.76,1017.83,440.41,1.19,8.1,100.59,6.46,5.81,265.9,27.55,119.66,150.23,10.07,92.5,63.77,87.57,312.66,181.73,261.76
2.72,396.19,3.78,23.05,1046.94,13.57,426.45,581.37,3.45,1.08,0.5,385.77,0.54,78.86,288.77,124.03,150.9,75.17,193.98,295.68,115.59,0.29,2.7,17.83,14.11,1.63,348.37,35.35,5.19,66.56,6.24,130.6,83.86,47.04,180.12,190.73,367.65
1.47,477.19,135.58,118.01,2518.8,91.72,1085.5,1546.19,9.56,59.07,2.87,406.51,20.88,195.27,580.52,320.17,374.78,143.86,398.58,680.99,383.4,1.33,15.11,56.45,35.46,6.52,758.69,110.69,59.23,118.74,18.64,138.6,84.42,45.61,205.41,215.1,310.86
0.78,92.13,43.16,72.13,3853.42,39.96,2003.78,1743.32,15.77,12.61,3.21,53.82,1.49,243.16,587.08,331.36,476.04,245.34,733.76,931.96,397.48,0.68,5.75,118.86,18.61,24.51,960.17,96.36,39.57,189.33,23.55,107.03,67.03,49.91,217.26,184.06,374.71
1.71,222.63,109.53,85.01,2746.48,58.83,1516.52,1269.45,16.69,24.73,3.1,157.62,7.11,207.8,461.15,254.61,347.1,140.87,577.81,793.07,376.7,0.98,29.34,76.97,20,12.5,630.66,75.2,79.45,192.48,20.7,112.54,66.23,59.48,246.95,190.48,324.31
2.1,461.91,54.05,67.66,1662.68,44.03,603.14,1091.05,6.74,68.14,1.18,369.11,16.9,124.64,357.55,172.63,236.15,99.32,335.65,583.16,257.39,0.48,9.26,65.44,11.59,3.64,497,60.41,17.91,99.2,10.01,122.84,74.43,54.12,232.31,189.85,326.45
1.53,477.81,194.15,138.84,1810.87,77.49,980.48,1068.8,44.73,135.67,5.1,239.84,18.5,186.87,346.43,200.35,233.47,90.68,367.7,885.39,541.47,2.18,37.37,102,4.93,5.41,432.46,45.01,36.58,156.29,13.08,118.94,69.68,52.19,257.71,222.27,279.21
2.63,2274.82,404.29,197.31,1672.8,257.52,604.2,1463.63,24.96,532.51,99.34,1503.83,273.01,273.83,649.88,323.45,420.83,117.08,512.4,1591.03,765.43,319.57,132.29,126.61,13.17,9.88,623.13,46.14,24.26,104.85,28.85,138.36,81.59,49.72,211.45,232.47,286.4
2.31,17.97,4.11,18.36,2066.53,8.24,850.87,1121.03,4.34,2.15,0.57,15.24,1.08,112.29,383.16,170.16,242.66,134.66,329.99,433.84,155.22,0.29,8.61,24.66,11.74,1.95,524.97,46.97,9.79,63.46,14.05,107.58,69.59,41.13,160.73,167.03,453.95
1.98,77.39,16.33,35.37,1211.1,8.2,539.72,659.19,2.85,4.76,0.81,56.21,4.79,74.15,226.27,126.54,170.82,63.81,187.58,281.38,152.94,0.26,3.84,20.65,7.41,2.08,379.54,38.38,9.2,41.41,5.73,119.41,73.45,41.43,191.22,200.3,374.18
2.64,176.35,68.4,85.84,1972.73,33.67,890.06,1146.33,10.81,56.39,5.64,71.92,4.88,141.11,244.24,170.37,264.1,81.24,304.15,748.88,489.4,3.49,45.44,25.78,5.92,6.14,462.67,30.06,11.36,72.74,10.94,126.36,77.23,39.06,168.52,216.87,371.95
2.36,19.6,1.94,11.4,918.03,2.84,250.11,632.95,2.05,2.76,0.34,12.33,0.37,50.32,105.38,62.88,104.51,53.79,137.31,316.92,139.51,0.25,2.34,3.81,1.04,1.32,266.02,14.53,4,34.08,3.86,92.24,71.82,40.73,143.77,171.37,480.08
1.51,270.61,57.12,165.18,2434.06,98.38,1147.63,1371.96,24.68,64.82,19.55,131.56,30.78,214.65,219.42,120.52,217.35,57.99,291.73,1457.68,888.07,44.88,66.91,60.87,4.28,10.05,265.02,14.9,60.24,83.44,12.89,122.47,79.53,40.19,155.05,240.42,362.33
2.68,641.49,122.81,81.86,2563.79,56.84,996.93,1624.26,6.17,9.5,3.38,652.56,2.96,160.6,629.76,285.28,380.48,163.66,456.52,716.35,312.19,12.84,12.46,71.45,29.99,4.73,805.55,81.32,12.53,104.28,16.08,134.59,83.62,46.8,188.55,194.07,352.38
3.13,18.36,9.81,22.19,1272.19,4.59,596.42,631.74,3.19,5.69,4.54,6.43,0.68,73.28,210.02,140.73,191.46,68.79,202.91,249.35,227.11,0.93,29.08,8.75,1.8,2.57,303.39,18.59,4.31,27.14,6.27,103.56,70.95,41.04,155.72,180.82,447.91
2.34,60.05,2.66,16.16,1014.92,4.14,440.18,536.21,2.85,1.6,0.99,53.85,0.5,56.63,165.34,84.17,126.19,56.56,163.62,272.13,124.5,0.28,1.05,15.9,3.97,1.84,303.19,23.35,2.37,31.91,4.69,114.85,76.63,41.51,168.66,190.06,408.29
3.75,21.53,8.69,26.37,1378.73,7.25,586.53,733.93,5.07,3.27,2.62,8.01,0.25,94.86,232.5,136.37,181.08,73.25,201.95,367.89,190.65,0.48,13.51,5.14,2.03,3.1,297.26,20.31,5.34,43.38,6.46,85.5,60.79,36.49,126.71,142.1,548.41
2.8,219.62,46.73,59.71,3748.49,43.47,1639.44,2016.31,8.4,10.32,1.25,208.61,7.14,212.12,782.82,380.27,520.75,223.06,571.35,771.64,383.44,3.04,7.45,76.83,16.79,6.23,1091.89,105.23,13.83,102.53,17.79,115.22,73.77,42.9,182.56,184.12,401.44
1.51,135.22,48.18,49.61,1518.47,20.3,640.32,894.36,6.82,58.22,1.07,32.67,24.04,105.01,223.88,139.03,200.15,90.99,234.85,498.46,275.64,0.57,6.83,17.18,4.12,2.93,461.73,46.38,17.21,60.62,7.03,117.87,76.04,41.38,185.06,205.64,374.01
1.76,126.11,24.65,48.23,1139.59,26,474.91,688.1,7.1,31.43,3.45,39.03,19.66,93.92,163.11,101.37,141.45,52.67,240.27,397.28,256.09,1.89,17.69,7.62,2.84,3.56,288.33,19.63,10.92,42.74,6.46,108.63,65.78,63.8,205.19,197.29,359.31
1.7,104.96,16.96,51.17,1655.03,16.69,819.82,812.85,6.23,28.75,4.34,41.47,18.08,104.17,181.68,107.27,181.65,67.83,257.94,685.19,382.36,1.91,2.63,24.39,1.98,1.91,380.16,21.61,16.13,43.16,6.51,106.75,72.57,42.63,161.41,194.18,422.45
2.2,227.09,39.21,39.94,1196.32,42.96,586.46,653.37,73.31,88.43,0.93,38.14,3.07,82.48,229.34,148.45,178.52,69.95,214.57,373.6,237.05,0.73,18.85,23.64,2.4,4.54,413.17,38.95,13.99,59.41,8.64,123.2,66.11,40.44,220.44,211.94,337.87
1.58,9.82,8.55,11.53,602.8,3.27,236.09,352.12,2.32,1.94,0.82,4,1.04,34.56,69.58,45.75,81.77,29.99,90.4,201.59,99.21,0.12,1.53,1.08,0.54,0.91,140.01,7.99,5.7,31.05,2.85,88.09,76.39,52.74,150.28,170.74,461.75
2.29,231.43,255.21,131.7,3443.2,120.25,1489.46,1995.21,15.83,32.74,160.7,209.8,11.28,250.24,663.53,310.27,421.88,181.06,571.85,1125.97,604.82,31.42,19.78,130.4,28.49,5.93,812.73,78.04,42.6,203.06,19.66,125.85,70.5,46.39,272.43,191.89,292.94
2.82,1363.72,461.35,227.43,3030.72,212.64,1380.42,2112.48,14.61,146.36,1.22,708.99,608.12,286.07,1190.43,473.86,560.44,197.65,611.41,934.45,408.18,21.71,40.17,184.95,35.73,8.1,1155.59,136.2,26.4,142.89,25.66,136.74,85.02,50.6,198.36,204.98,324.31
2.8,66.53,23.38,62.84,4144.89,28.41,1237.94,2785.66,10.55,16.96,5.64,34.97,2.06,217.08,710.95,370.04,507.06,213.92,628.69,1076.66,538.37,2.73,60.59,76.94,26.37,6.49,923.58,95.2,40.68,138.19,21.18,102.35,65.41,39.61,164.29,175.78,452.56
2.28,53.98,29.93,49.28,1719.75,14.14,738.05,967.96,7.19,12.47,3.63,16.86,4.46,110.03,233.74,143.79,217.83,71.9,233.95,558.86,368.34,2.49,47.45,6.83,2.17,4.69,359.8,23.58,4.48,45.84,7.84,118.74,79.67,41.46,143.87,194.02,422.25
2.16,829.78,395.25,305.27,6820.08,271.6,3742.33,3317.52,34.32,58.24,10.05,883.76,14.36,520.55,1369.93,642.23,830.23,385.22,1312.41,2357.88,1079.12,41.8,27.07,276.82,44.15,9.53,1695.18,163.45,54.69,319.33,38.17,111.76,68.42,56.47,234.09,178.63,350.64
1.67,66.99,17.31,59.82,4847.26,22.14,1852.5,2781.17,13.87,8.63,2.82,26.46,11.77,293.29,706.04,405.19,633.65,256.62,734.61,1371.12,643.33,0.54,11.81,17.2,11.33,6.63,1293.15,99.48,45.33,211.66,20.96,94.78,63.93,41.64,154.35,166.64,478.66
1.97,1147.89,185.79,97.77,885.15,138.97,321.1,784.92,12.02,191.22,1.32,722.9,278.63,132.37,371.3,197.75,222.1,77.52,250.69,641.75,309.48,9.09,35.99,48.76,14.38,5.11,533.05,58.62,23.69,87.95,15.66,154.35,95.29,48.19,204.78,248.15,249.23
2.54,369.42,61.27,116.13,2752.54,50.75,1100.98,1699.65,9.2,93.53,4.38,178.66,77.91,173.1,474.72,257.53,382.53,125.01,437.91,958.17,547.91,1.07,24.21,56.9,9.57,3.76,728.18,54.36,15.49,63.95,11.9,117.76,75.26,42.24,165.38,184.8,414.56
1.2,134.13,37.74,110.57,8534.04,38.25,3675.8,4441.29,29.9,17.09,6.99,40.28,2.93,579.1,1256.06,751.39,1125.85,477.47,1298.05,2244.92,1090.15,1.89,10.91,52.85,8.63,23.36,2252.98,163.74,103.04,422.23,38.41,100.74,68.29,40.98,156.7,169.27,464.03
1.12,145.61,31.28,71.13,2235.35,28.24,1088.65,1138.22,12.33,37.69,7.22,42.51,4.35,167.94,238.73,156.4,235.7,93.71,285.85,966.35,558.45,0.99,10.61,24.85,2.66,6.66,519.11,31.87,61.92,48.51,8.88,118.15,77.75,41.46,152.45,214.8,395.4
2.22,59.51,13.25,29.96,1546.72,11.46,714.95,787.1,3.8,8.75,0.62,12.01,35.06,91,215.69,133.17,198.97,84.26,253.54,428.65,230.89,0.39,1.97,10.61,4.83,4.26,496.72,31.98,7.51,39.58,6.37,113.87,75.06,40.59,179.57,195.13,395.79
1.34,171.87,70.24,112.93,4103.3,41.07,2072.12,1983.27,16.36,44.87,2.68,73.13,15.59,271,523.53,371.76,526.11,234.59,719.48,1212.03,811.02,0.62,6.79,68.82,4.28,15,1110.76,75.76,47.41,129.69,16.73,114.48,68.22,45.16,199.65,192.18,380.32
0.51,9.51,2.31,16.24,1338.98,6.04,604.66,650.81,8.37,1.43,1.95,4.57,0.34,89.45,150.67,98.05,156.8,68.12,196.48,462.89,208.39,0.43,2.12,7.61,0.91,4.63,316.3,18.33,6.38,55.79,7.9,89.93,64.19,37.58,128.1,159.77,520.43
1.86,18.22,8.01,18.98,1419.48,9,487.06,867.96,2.65,3.39,0.96,6.94,1.81,96.49,300.54,152.51,192.48,86.77,196.37,245.81,123.31,0.39,2.14,4.43,1.8,3.07,447.74,42.19,22.99,46.43,6.35,103.81,65.71,36.69,164.33,177.79,451.68
1.89,39.18,13.56,30.23,2129.01,9.74,834.07,1218.12,5.79,13.22,1.95,11.33,1.84,126.5,309.28,192.6,278.05,119.4,329,550.82,300.99,0.5,6.44,8.78,3.35,4,564.27,40.36,19.51,99.45,8.86,103.79,73.28,39.83,151.2,182.03,449.87
1.53,39.69,18.03,32.44,2098.84,10.13,975.75,1042.78,8.12,8.4,3.05,13.31,0.88,136.6,309.79,183.06,272.07,109.15,314.41,581.84,330.6,0.5,3.45,16.07,1.67,5.1,576.46,31.7,20.48,52.74,10.83,106.35,67.86,37.66,151.11,183.53,453.49
1.37,66.04,22.73,52.71,2150.14,18.14,950.38,1151.59,9.57,16.96,5.3,22.32,3.9,139.28,234.08,160.33,238.77,90.43,295.99,820.33,506.75,1.13,13.9,18.1,1.25,4.48,488.98,32.49,25.36,83.55,8.8,112.48,72.61,39.62,161.56,198.95,414.77
2.03,35.74,8.35,29.56,1640.96,5.61,530.45,1063.13,3.59,12.02,0.9,15.91,1.81,86.53,222.41,136.06,199.64,103.46,269.91,452.93,243.71,0.23,4.73,16.84,3.1,3.25,474.49,34.78,15.04,44.99,6.44,106.7,69.24,40.18,165.93,186.45,431.5
2.27,48.15,15.97,34.73,1604.57,8.12,556.7,1012.98,4.23,6.83,0.64,13.37,26.59,83.01,279.04,147.41,209.3,91.78,254.45,425.24,217.97,0.84,7.81,9.64,2.65,2.63,470.03,29.14,5.64,32.35,6.77,94.44,60.37,37.51,158.33,170.73,478.63
3.03,66.88,12.18,30.91,2160.95,18.53,899.27,1205.06,4.09,4.01,0.56,57.88,7.14,103.37,384.98,190.92,269.46,150.37,344.94,491.22,228.96,34.55,9.06,52.06,4.63,3.28,489.18,44.67,17.4,66.2,18.42,110.24,68.98,40.05,174.68,179.92,426.13
1.37,409.22,116.8,128.73,3111.36,90.31,1673.2,1547.86,20.65,50.58,3.94,215.24,64.94,254.26,548.14,301.64,397.71,171.91,650.56,1001.8,469.15,1.3,22.15,121.38,13.34,12.19,800.27,92.1,55.85,220.85,23.13,113.49,65.5,57.38,269.26,198.24,296.14
3.36,152.82,79.83,86.03,2449.05,31.54,1257.8,1191.13,14.76,31.87,31.87,84.61,3.14,166.64,446.54,272.56,358.67,115.14,391.82,617.1,431.05,3.75,70.07,40.3,6.04,5.86,512.96,44.39,27.36,132.77,15.35,117,72.7,39.85,179.95,203.01,387.48
1.36,473.14,1197.56,343.18,2451.24,301.02,1734.16,2065.13,45.94,53.36,19.26,459.09,9.79,346.07,550.23,245.57,311.94,100.84,489.16,2176.93,1252.45,216.9,109.28,360.79,12.25,17.54,227.76,13.66,147.75,201.37,26.69,104.84,62.56,42.83,320.83,222.03,246.91
1.98,203.67,39.48,58.3,1254.9,38.78,497.5,812.31,10.89,67.73,2.7,64.23,40.47,91.16,217.08,143.01,186.34,67.66,204.92,433.73,286.57,7.28,22.88,28.29,2.23,6.44,364.7,20.68,15.04,35.99,8.41,120.31,70.01,38.78,178.52,213.27,379.11
2.16,188.64,48.94,98.44,1918.99,40.51,852.4,1088.29,11.39,42.45,34.66,107.13,8.29,139.88,182.55,120.45,206.33,62.02,235.77,953.35,597.92,3.76,38.17,11.34,3.42,2.93,360.54,22.9,11.84,67.72,8.41,128.13,88.34,42.18,148.77,223.66,368.91
2.74,39.96,12.02,30.54,2740.45,16.02,885.93,1769.25,7.76,9.25,0.98,20.76,0.84,134.09,499.56,241.89,342.06,150.71,405.18,633.69,293.94,0.45,14.73,45.41,14.16,4.48,730.75,74.4,14.97,74.72,12.02,109.17,69.16,40.06,180.9,186.8,413.9
2.34,64.53,22.31,39.54,1980.03,14.07,782.05,1152.03,8.83,19.57,0.95,23.05,9.37,114.01,277.47,165.96,247.04,99.42,306.07,617.53,306.37,0.4,7.41,10.5,3.9,4.09,542.95,40.47,20.14,75.15,7.5,103.2,66.68,36.32,165.8,183.33,444.67
2.8,10.19,2.91,13.97,1455.23,2.56,502.98,880.52,2.82,1.8,0.54,4.07,0.96,85.07,251.34,121.46,177.25,88.77,224.5,355.46,169.63,0.2,1.5,6.35,2.03,2.34,424.74,30.91,4.88,48.66,6.43,92.47,63.93,39.55,143.1,166.82,494.13
1.71,103.8,67.24,49.82,1147.99,17.71,622.15,599.75,6.17,21.64,2.53,43.72,4.76,77.7,187.66,142.73,168.99,59.43,189.09,326.83,199.48,1.63,22.01,18.89,5.65,3.08,343.02,34.39,13.85,55.68,6.6,128.96,75.05,41.57,204.78,203.76,345.87
2.22,332.53,52.92,118.8,3989.81,72.69,1808.74,2168.2,14.93,37,19.12,253.02,7.79,239.28,574.48,338.22,501.03,215.7,597.44,1390.32,777.06,4.48,33.19,83.92,11.54,5.67,994.84,71.08,35.68,129.78,18.75,117.49,71.97,38.93,170.88,200.45,400.29
2.23,140.24,34.13,42.4,2803.18,25.78,1190.45,1555.77,8.24,12.56,0.95,103.41,12.12,153.75,456.12,237.41,356.41,163.68,449.35,722.7,291.4,0.7,8.15,34.95,20.43,3.02,788.94,68.04,19.52,84.26,19.8,117.82,78.45,41.79,176.72,189.19,396.04
2.77,396.56,106.65,90.79,3341.74,67.07,1509.49,1834.85,12.56,21.01,1.29,368.57,9.33,227.9,826.59,349.73,471.64,219.13,537.25,696.36,265.87,0.51,7,57,60.93,8.69,1016.87,135.72,25.1,149.01,17.46,126.23,76.85,46.8,205.79,188.5,355.84
2,39.75,7.47,35.45,1993.46,11.09,748.9,1176.45,6.15,9.56,2.76,10.01,8.88,115.71,251.44,152.52,234.79,87.75,287.11,688.72,405.15,0.53,3.89,5.75,1.52,3.1,486.13,29.93,12.53,70.04,7.61,97.89,66.04,36.9,145.25,177.31,476.6
1.43,19.46,8.18,33.63,1808,6.94,827.68,890.56,8.21,4.31,2.18,6.34,1.22,121.82,209.41,139.87,215.02,87.35,265.2,600.28,324.45,0.39,2.73,10.29,1.02,4.49,477.48,30.37,13.32,56.66,7.11,101.58,71.07,40.74,145.54,182.09,458.97
2.83,127.1,41.29,38.81,4018.39,22.06,1677.24,2258.91,8.35,9.47,1.35,75.08,14.18,190.13,800.44,380.03,519.82,252.72,599.24,860.33,424.78,16.52,8.06,121.59,13.76,4.73,940.15,103.75,23.22,136.38,22.05,106.09,69.35,42.55,183.13,180.7,418.18
2.52,124.82,22.12,38.11,1191.4,24.94,504.22,701.27,14.73,31.31,2.2,43.83,16.33,79.83,149.4,109.63,163.56,51.53,191.75,448.19,286.75,0.54,10.55,8.07,1.43,2.94,317.63,20.26,7.5,40.81,6.31,108.6,75.67,41.82,161.09,204.03,408.79
2.17,569.93,193.12,157.44,2217.69,109.64,1049.92,1486.67,28.23,227.21,6.31,228.3,6.93,195.04,389.2,237.78,332.04,112.8,400.73,1020.79,589.09,59.1,99.8,106.88,6.75,14.75,558.82,37.37,24.18,100.45,17.49,129.02,80.79,41.85,177.18,233.92,337.24
2.64,35.82,54.02,42.47,2205.23,12.33,1065.64,1108.68,6.29,9.09,1.83,23.69,3.22,121.01,415.57,232.88,293.97,118.75,325.76,447.91,272.47,1.13,34.08,7.39,3.32,6,587.63,46.32,14.49,88.7,10.6,120.87,74.8,42.08,183.65,188.65,389.95
1.36,420.98,94.86,100.62,2945.79,53.88,1464.96,1685.25,26.34,90.86,2.03,97.76,22.43,203.03,502.42,377.01,468.93,169.61,473.93,809.02,558.07,0.99,7.96,102.44,12.86,8.66,856.41,93.71,50.96,116.46,17.52,123.31,74.88,41,191.36,214,355.46
2.77,328.41,81.72,76.89,3062.51,30.33,1361.95,1712.54,9.11,47.97,1.35,262.52,2.8,168.03,626.47,322.42,434.57,197.93,508.88,700.48,402.34,13.87,20.54,90.14,15.69,5.21,858.63,75.74,18.58,119.9,16.22,122.76,76.04,42.22,187.94,193.8,377.25
2.45,16.75,7.62,22.81,1166.73,4.46,539.92,597.91,3.01,3.36,0.23,5.48,3.42,60.33,215.33,128.34,166.05,54.15,181.7,216.17,127.63,0.15,5.22,12.3,3.92,2.77,347.05,36.9,11.45,39.24,4.54,115.82,73.09,42.72,189.93,190.59,387.85
2.39,50.68,29.89,51.61,1217.47,11.81,529.72,696.48,5.27,15.68,2.35,17.96,1.39,87.22,151.63,103.21,166.19,48,190.05,410.8,285.7,1.75,30.2,9.45,1.61,2.96,272.76,16.47,2.97,29.75,5.96,116.75,77.22,42.59,147.32,195.68,420.44
0.78,15.55,3.35,24.23,2039.88,5.42,936.08,985.31,8.38,1.69,1.81,6.04,0.65,133.69,275.12,177.84,260.54,114.95,305.68,575.89,271.07,0.34,9.48,16.41,1.87,6.69,523.42,34.52,12.07,77.66,9.14,94.92,63.39,36.52,142.65,166.37,496.15
1.3,155.96,82.9,75.05,2535.18,25.45,1176.89,1367.61,9.25,20.95,1.21,78.13,44.17,161.87,459.6,259.22,359.71,127.23,430.15,601.16,316.51,0.64,8.13,17.57,36.36,5.64,744.36,83.54,20.09,79.93,11.81,120.91,77.81,46.35,191.33,190.76,372.83
3.88,27.79,14.1,37.07,2210.11,8.37,992.69,1131.9,6.51,5.42,3.47,10.02,0.98,135.68,507.88,250.33,295.54,132.23,301.24,384.39,206.39,1.19,16.89,9.95,4.46,4.79,520.09,37.68,15.77,75.84,9.88,95.87,61.93,36.83,145.41,148.5,511.45
1.69,66.37,22.59,35.82,1881.68,15.18,821.57,1020.54,9.59,15.72,1.77,18.28,9,115.93,233.12,162.47,237.49,89.93,298.26,590.25,369.59,0.51,7.9,8.83,3.83,3.97,492.42,37.46,17.07,70.15,8.71,112.98,68.95,37.99,163.2,193.77,423.11
1.85,29.81,9.22,26.32,1397.52,7.1,600.28,748.99,5.28,10.6,1.08,8.07,1.75,87.78,166.03,117.22,178.16,68.66,208.45,429.83,240.63,0.33,1.22,16.02,0.67,3.19,374.52,23.55,16.86,38.56,5.21,116.63,68.12,37.37,163.92,185.73,428.22
3.19,50.49,22.94,52.98,2025.18,26.46,961.38,1017.15,9.26,12.44,4.15,32.98,1.6,125.72,387.16,206.55,257.89,110.73,298.91,470.6,223.22,1.12,22.43,32.16,8.69,5.61,456.61,49.05,18.5,89.66,9.93,108.84,70.2,39.66,163.8,176.57,440.93
2.44,221,34.59,52.52,1120.36,24.29,448.08,691.82,7.53,120.7,22.67,53.57,13.08,81.83,155.27,101.31,152.42,51.61,177.84,496.12,303.78,26.31,17.06,7.61,2.37,2.56,307.02,18.13,6.24,30.18,6.12,118.3,81.86,43.94,156.85,214.57,384.5
2.54,189.09,323.44,81.37,2091.25,41.44,945.71,1408.9,10.89,36.81,3.49,133.02,31.45,142.47,456.15,257.8,329.23,104.68,343.18,553.44,326.6,30.68,93.67,40.31,8.6,8.21,669.98,54.97,15.74,67.47,15.34,141.62,83.59,46.29,201.28,215.75,311.46
1.85,60.05,20.36,45.59,1910.03,12.1,875.58,997.82,6.99,18.08,2.53,21.4,3.72,114.16,252.9,172.94,258.43,90.65,285.96,531.89,368.91,1.21,34.08,9.34,1.91,4.38,473,30.74,8.74,57.51,8.35,122.63,79.14,43.9,159.04,200.1,395.19
1.07,34.92,6.93,32.29,2074.8,9.56,932.31,1047.83,8.57,3.45,2.18,12.21,0.93,135.89,358.45,212.19,280.35,134.6,313.37,459.01,188.31,0.31,5.27,30.54,5.87,8.99,488.51,47.53,10.88,115.3,11.56,95.97,64.03,38.06,150.4,163.2,488.34
0.65,5.52,1.16,9.76,1036.76,2.06,457.68,514.11,3.28,0.53,0.7,1.67,0.29,70.32,167.69,102.79,140.56,65.19,157.05,233.3,120.47,0.11,0.7,9.36,1.05,2.35,263.2,18.19,3.36,42.54,4.23,92.42,62.52,36.19,136.33,153.58,518.97
1.61,2135.75,351.57,238.73,1894.22,187.18,1280.23,1072.44,45.87,97.57,20.78,1919.72,14.97,330.27,635.18,265.78,332.05,84.3,516.57,1972.19,1211.81,332.35,110.17,139.59,13.88,12.19,218.54,15.26,111.67,215.35,26.66,118.43,66.63,48.61,377.6,225.44,163.29
2,458.39,125.27,136.86,2831.44,89.61,1206.31,1761.69,14.8,72.13,37.31,318.36,30.74,186.02,402.65,237.18,365.75,138.36,435.98,1238.8,704.14,38.36,8.06,47.53,11.94,3.56,716.61,48.43,38.72,96.12,14.86,125.39,82.64,43.46,161.66,217.85,368.99
1.81,70.74,17.52,45.69,1635.43,17.13,720.1,887.07,7.5,17.27,3.47,29.5,1.25,111.66,192.94,123.88,207.54,60.02,222.86,588.87,366.14,1.04,26.71,12.94,2.01,2.97,338.61,25.24,7.84,75.22,7.33,115.02,83.65,43.33,153.26,204.11,400.63
1.41,26.68,10.98,31.23,1336.95,9.31,587.42,710.34,5.72,6.49,5.44,10.36,1.55,81.92,156.74,108.14,177,57.93,196.57,417.15,279.04,1.94,15.35,4.55,1.38,1.97,337.51,17.52,4.94,38,6.43,117.58,77.5,41.99,147.46,197.47,418
1.35,85.05,35.87,53.48,1953.68,24.04,896.93,1044.87,11.7,18.48,4.15,30.71,3.87,130.79,218.32,148.54,213.02,86.68,269.06,766.95,452.99,0.64,5.33,30.07,1.6,5.33,462.07,30.8,35.83,65.52,7.67,116.38,74.29,40.81,173.76,199.73,395.03
2.27,195.72,69.96,76.5,5093.06,39.37,2261.14,2681.3,12.35,19.68,1.97,174.74,7.76,293.93,1088.09,481.6,665.33,289.85,724.96,1081.34,572.68,0.9,24.09,96.67,33.31,9.79,1429.24,148.76,28.41,185.54,21.33,116.22,70.08,39.43,189.53,190,394.74
3.1,824.19,201.78,144.34,3140.72,90.82,1329.56,1966.33,8.26,78.95,1.15,497.42,265.67,228.79,910.67,396.9,491.7,183.17,542.83,819.6,341.52,4.18,17.06,112.12,23.73,6.41,1065.52,107.58,21.92,119.14,17.21,132.84,81.94,47.79,189.26,188.92,359.25
1.95,860.54,645.22,278.6,2277.78,251.43,1204.38,1682.96,28.41,79.86,19.64,931.99,19.91,302.85,627.99,292.41,357.97,119.28,445.72,1485.89,817.47,388.82,105.5,157.13,11.81,13.29,426.54,30.58,77.08,120.42,26.09,130.83,71.18,42.87,239.38,249.73,266.01
1.36,593.58,512.22,319.12,3440.75,208.25,1836.54,2163.63,35.25,99.45,27.2,503.8,14.98,364.08,421.43,197.67,292.73,86.42,483.59,2654.59,1667.61,255.67,123.14,214.77,12.72,27.07,274.59,16.13,141.7,191.15,25.89,108.73,55.99,31.83,335.77,228.07,239.62
2.44,107.74,24.42,51.67,3056.76,27.93,1131.61,1853.69,9.37,23.16,2.94,57.11,7.41,170.95,440.81,267.06,394.89,159.54,462.14,882.38,505.79,0.79,10.63,31.85,11.84,6.32,818.61,71.87,39.54,87.78,13.68,108.99,72.34,41.16,175.1,199.91,402.49
1.63,223.14,25.04,69.39,1944.85,37.52,919.28,1025.98,9.2,57.99,4.31,34.75,97.59,138.83,240.88,139.77,205.01,79.9,338.23,862.7,504.05,0.73,9.84,13.88,2.99,2.84,443.71,33.15,21.72,86.25,7.9,105.05,64.69,52.08,207.63,195.15,375.39
2.32,387.89,100.52,75.05,964.07,56.52,392.58,704.09,15.82,130.11,14.63,205.46,10.29,97.77,198.94,115.62,154.38,51.06,180.91,515.22,277.3,23.97,29,25.35,4.83,4,309.2,25.1,15.43,95.76,9.02,130.71,77.45,42.38,213.71,240.85,294.9
2.34,56.16,13.74,44.09,1860.47,12.08,774.43,1031.88,8.74,7.02,4.11,23.32,1.81,125.95,183.73,116.67,211.38,63.18,245.17,748.17,448.19,1.01,19.66,6.97,1.13,3.61,361.38,24.12,8.97,57.99,7.72,111.49,80.32,48.81,135.6,198.83,424.94
2.34,34.86,10.01,41.97,2382.9,11.43,1043.98,1227.62,8.21,5.9,4.83,12.46,0.81,157.23,309.31,215.89,322.83,119.94,372.71,674.67,403.47,0.76,19.44,10.78,2.32,3.92,598.18,35.93,8.21,61.8,10.02,97.7,67.78,39.1,137.74,165.19,492.49
2.05,164.14,113.2,76.39,1460.92,41.89,686.43,875.89,13.79,58.98,16.93,60.78,6.97,124.11,216.51,139.4,194.17,67.42,287.79,563.59,325.36,6.18,31.85,19.18,9.53,3.56,373.25,32.09,19.51,72.06,8.34,116.03,70.49,56.02,221.5,198.47,337.5
1.38,92.8,31.45,59.75,2298.85,18.37,1027,1227.28,8.55,32.27,3.66,32.64,5.69,153.24,286.36,201.17,293.65,105.16,341.58,749.47,526.56,1.01,14.22,18.85,2.06,4.52,553.32,42.96,19.37,82.27,10.09,111.56,78.68,43.88,159.04,199.12,407.73
0.53,5.22,1.89,9.7,865.21,2.51,368.01,444.84,3.24,0.5,0.98,2.2,0.14,57.59,116.66,75.26,109.67,47.24,125.78,255.13,123.52,0.17,0.87,4.4,0.59,1.95,204.07,12.84,3.64,36.45,4.76,86.63,66.33,39.51,125.86,157.66,524
2.22,19.09,6.01,23.97,1762.98,7.24,573.5,1119.63,4.06,3.73,1.08,7.85,1.46,102.39,270.89,140.38,208.48,89.49,320.31,456.41,209.1,0.48,10.77,11.67,12.94,2.18,459.4,43.08,11.33,60.48,8.13,95.96,66.66,64.78,174.3,165.81,432.5
1.69,17.6,5.16,16.75,1429.36,5.3,559.45,806.56,3.42,4.49,0.7,5.93,2.01,84.12,221.95,126.95,179.96,83.04,221.9,359.29,169.64,0.25,2.57,4.45,1.67,2.68,385.56,24,8.72,47.45,5.79,101.71,66.84,38.02,146.84,166.74,479.84
0.62,348.01,320.09,187.71,5666.54,73.2,2521.43,3262.01,23.47,84.14,6.66,227.65,27.75,405.19,926.52,579.27,762.44,306.1,899.82,1690.02,973.43,2.34,19.35,118.36,19.86,11.19,1713.11,174.68,51.25,231.61,31.12,118.25,74.88,44.23,193.3,204.46,364.88
1.57,29.99,11.19,33.17,1685.18,10.29,718.75,910.98,6.71,4.31,2.9,11.73,0.96,104.13,202.3,137.82,195.47,78.64,249.52,556.39,319.6,0.65,4.21,17.91,0.88,4.07,439.43,28.65,22.19,68.07,7.22,107.67,71.15,39.56,166.44,187.7,427.47
1,73.3,44.51,75.6,2558.69,35.76,1186.69,1350.55,12.55,10.36,3.07,28.91,1.7,179,480.52,247.88,322.46,144.84,369.54,654.33,326.96,1.04,5.47,16.36,4.79,6.26,799.42,57.77,32.12,125.18,13.14,111.9,64.95,38.54,200.17,184.93,399.51
1.75,530.5,254.95,206.59,1746.51,425.6,820.12,1181.23,40.33,69.05,87.19,633.23,8.88,297.13,354.5,133.47,188.72,58.04,341.13,1585.76,879.45,151.33,32.22,109.61,15.38,8.82,103.85,8.4,55.77,189.6,21.83,80.19,50.87,43.57,310.89,214.98,299.5
2.48,34.02,9.11,30.24,3425.97,11.17,1312.19,1938.18,13.32,3.53,2.17,12.38,0.67,213.26,476.95,272.13,396.52,240.6,536.74,985.25,424.88,0.56,9.45,27.95,9.36,9.19,863.62,69.55,34.53,215.73,18.51,89.4,62.49,39.12,152.78,165.85,490.36
2.75,90.26,60.53,67.44,4848.44,35.51,1545.91,3204.95,12.87,15.42,1.3,64.37,1.89,238.43,876.43,437.77,642.42,294.31,734.09,1074.52,533.44,0.95,19.01,85.43,18.16,9.25,1387.69,126.53,28.66,165.43,20.84,112.44,71.69,41.37,184.46,190.55,399.5
1.51,168.5,89.64,134.92,7458.33,54.98,3262.75,3968.58,39.06,41.37,7.1,54.35,7.48,475.76,935.89,662.4,970.89,361.4,1185.86,2218.55,1331.85,2.35,26.93,59.57,7.25,17.09,1897.25,135.45,68.86,328.04,34.77,108.11,70.63,42.33,164.13,183.39,431.41
1.49,60.68,12.27,40.13,1848.34,13.01,832.76,959.73,12.22,14.69,3.39,14.01,2.91,124.3,180.09,113.41,201.37,65.21,301.16,728.66,406.66,0.95,8.95,13.4,1.64,3.39,375.18,25.22,12.43,82.48,8.12,104.96,73.13,59.91,167.34,185.09,409.57
2.04,310.97,36.53,81.15,1898.63,50.78,738.08,1185.4,13.48,72.91,8.07,133.34,69.98,146.03,240.94,156.12,246.61,78.39,284.15,861.43,566.49,3.19,28.85,6.88,5.13,3.83,433,30.18,15.59,76.98,11.99,112.36,81.92,44.89,156.72,215.48,388.63
2.8,113.13,21.52,76.38,4720.47,29.22,1850.54,2729.16,15.72,21.78,3.97,50.46,4.82,264.8,726.51,391.68,597.64,242.66,726.4,1277.38,577.86,5.14,56.44,94.86,19.99,9.26,1108.97,93.47,29.03,141,25.19,109.66,71.75,41.46,164.58,179.1,433.45
1.79,228.38,29.11,55.99,1263.1,33.77,535.64,766.34,9.95,38.55,3.45,150.74,4.42,93.48,170.31,108.49,159.95,49.72,188.05,574.96,365.16,1.67,30.23,9.53,4.04,3.83,305.75,24.21,13.97,50.74,8.01,124.69,76.98,39.45,179.06,228.11,351.72
1.5,354.28,66.71,86.36,2197.64,44.97,1013.65,1229.94,13.65,131.13,6.74,133.19,46.35,163.35,227.29,176.55,275.35,89.02,356.21,1007.75,702.62,1.92,21.32,20.7,1.89,4.09,517.16,32.86,17.92,55.43,10.16,124.19,82.48,44.61,159.8,223.48,365.44
2.79,866.05,381.68,217.9,2474.27,145.89,1135.87,1791.56,14.18,153.1,1.46,224.47,492.18,224.1,818.06,355.51,445.27,158.66,486.33,847.63,325.38,17.92,25.9,107.49,32.57,5.3,930.84,111.36,26.62,122.24,18.87,129.12,80.51,45.96,196.22,199.83,348.36
1.68,90.79,18.78,35.37,1448.22,16.05,636.5,786.33,5.69,6.71,0.79,65.49,2.6,98.15,230.36,122.27,178.26,70.62,243.28,447.3,210.81,0.4,9.02,16.48,4.49,3.36,398.81,38.89,20.68,90.37,6.58,107.02,68.81,49.33,211.95,192.92,369.97
1.87,67.97,19.85,44.22,1575.74,17.15,788.5,757.54,10.91,11.45,4.24,29.62,1.92,108.65,232.03,152.88,217.78,77.6,254.33,454.21,259.76,0.62,22.09,16.31,3.36,4.74,366.35,31.28,27.31,90.18,7.73,103.86,66.65,38.75,166.58,195.24,428.91
1.87,23.39,7.14,24.79,1988.09,9.28,718.25,1184.98,5.17,3.14,1.74,11.22,5.25,114.3,302.65,175.39,237.21,100.14,284.96,566.89,297.57,0.45,5.76,7.9,1.83,3.32,546.72,37.88,13.37,63.21,8.27,99.48,64.86,38.08,152.42,174.53,470.62
3.04,17.18,4.23,17.58,1690.85,4.49,584.38,1037.59,4.55,2.84,1.32,7,0.4,88.8,289.6,147.13,214.71,104.2,255.92,413.37,193.33,3.52,3.83,17.48,2.96,3.07,416.67,30.81,12.92,47.07,9.47,93.5,63.67,40.22,143.69,157.35,501.57
2.45,30.04,6.12,22.77,1509.33,5.92,608.18,839.39,3.63,1.95,0.65,16.36,3.97,92.72,285.36,140.25,196.49,86.91,223.12,341.72,163.59,0.26,7.19,5.64,4.93,3.08,424.98,35.74,8.46,50.41,5.13,101.84,65.9,38.61,157.24,171.23,465.18
1.66,118.27,20.53,57.96,2915.19,30.27,1449.75,1379.13,16.19,16.16,4.23,38.55,2.77,215.81,355.6,198.34,302.91,139.93,579.58,1034.11,529.21,0.82,9.19,49.48,5.95,8.15,545.08,43.78,108.46,177.85,12.35,91.3,60.26,65.65,227.78,179.25,375.76
