local authority: district / unitary (as of April 2023),mnemonic,Total,Work mainly at or from home,"Underground, metro, light rail, tram",Train,"Bus, minibus or coach",Taxi,"Motorcycle, scooter or moped",Driving a car or van,Passenger in a car or van,Bicycle,On foot,Other method of travel to work,,,,,,,,,,,,,
Adur,E07000223,64547,143.55,0.23,13.00,14.33,1.08,3.63,220.83,16.72,13.82,30.02,4.85,,,,,,,,,,,,,
Amber Valley,E07000032,126205,235.87,0.42,3.11,22.59,2.37,4.85,545.52,37.65,8.41,64.76,6.65,,,,,,,,,,,,,
Arun,E07000224,164896,279.80,0.81,19.68,19.58,3.35,5.89,618.91,59.23,31.20,82.76,12.70,,,,,,,,,,,,,
Ashfield,E07000170,126305,177.55,8.44,4.00,26.71,6.49,4.26,547.06,46.56,13.03,63.05,8.12,,,,,,,,,,,,,
Ashford,E07000105,132752,296.22,1.29,24.40,18.23,2.35,3.42,501.79,39.54,18.37,70.23,9.70,,,,,,,,,,,,,
Babergh,E07000200,92332,204.05,0.50,5.38,4.37,1.13,2.85,364.73,21.80,7.73,47.33,5.70,,,,,,,,,,,,,
Barking and Dagenham,E09000002,218863,303.22,237.05,134.17,150.12,8.40,9.28,476.12,37.06,18.87,69.16,21.94,,,,,,,,,,,,,
Barnet,E09000003,389340,1233.64,321.60,72.66,233.78,13.51,18.54,725.01,49.10,33.49,145.03,37.97,,,,,,,,,,,,,
Barnsley,E08000016,244576,346.10,0.57,14.01,73.33,10.83,6.69,1027.24,107.86,11.43,117.36,14.81,,,,,,,,,,,,,
Basildon,E07000066,187576,421.79,10.95,76.95,28.60,12.43,5.98,646.52,59.15,16.38,85.18,15.12,,,,,,,,,,,,,
Basingstoke and Deane,E07000084,185148,589.60,0.90,21.63,33.40,5.69,5.55,649.57,53.40,21.60,109.01,12.02,,,,,,,,,,,,,
Bassetlaw,E07000171,117804,166.41,0.39,4.15,10.75,2.63,3.72,526.48,48.77,16.03,64.20,7.25,,,,,,,,,,,,,
Bath and North East Somerset,E06000022,193406,536.21,0.96,9.74,47.45,3.64,8.09,553.91,40.85,26.54,152.57,11.50,,,,,,,,,,,,,
Bedford,E06000055,185228,442.59,1.64,20.95,27.61,17.07,5.52,664.48,68.21,39.18,107.44,13.04,,,,,,,,,,,,,
Bexley,E09000004,246473,630.42,43.97,188.45,120.27,10.66,11.88,658.48,45.22,15.42,81.46,21.63,,,,,,,,,,,,,
Birmingham,E08000025,1144916,1767.05,15.14,142.84,668.09,103.38,17.32,3144.42,333.97,88.94,487.75,85.29,,,,,,,,,,,,,
Blaby,E07000129,102933,240.54,0.36,2.08,15.46,3.04,2.87,448.99,30.49,13.65,33.79,5.78,,,,,,,,,,,,,
Blackburn with Darwen,E06000008,154735,191.92,0.50,8.09,24.29,32.84,3.04,547.09,66.29,6.89,93.23,10.49,,,,,,,,,,,,,
Blackpool,E06000009,141033,186.11,4.06,4.97,52.38,14.69,5.16,455.11,53.93,21.30,108.51,13.45,,,,,,,,,,,,,
Blaenau Gwent,W06000019,66900,62.53,0.12,2.12,6.77,2.20,1.75,305.75,32.98,1.83,27.05,3.07,,,,,,,,,,,,,
Bolsover,E07000033,80277,106.65,0.26,2.09,13.40,3.02,2.99,377.23,33.48,3.87,42.05,5.22,,,,,,,,,,,,,
Bolton,E08000001,295961,458.08,2.80,25.07,74.02,40.02,6.58,1050.44,105.81,16.38,142.93,21.22,,,,,,,,,,,,,
Boston,E07000136,70503,55.12,0.42,1.19,8.09,2.57,2.22,317.46,64.36,21.81,42.57,5.22,,,,,,,,,,,,,
"Bournemouth, Christchurch and Poole",E06000058,400192,854.42,2.06,15.96,128.77,8.89,23.11,1380.13,106.87,92.71,238.45,30.75,,,,,,,,,,,,,
Bracknell Forest,E06000036,124600,410.74,1.05,15.12,11.36,3.75,4.45,467.78,33.46,14.13,58.17,8.63,,,,,,,,,,,,,
Bradford,E08000032,546409,858.23,2.03,64.45,160.77,91.64,8.16,1699.18,195.69,23.63,282.43,39.78,,,,,,,,,,,,,
Braintree,E07000067,155267,339.80,2.12,26.31,13.12,3.47,4.57,645.08,43.35,12.27,81.20,10.57,,,,,,,,,,,,,
Breckland,E07000143,141478,223.16,0.36,3.32,11.34,2.65,4.85,606.88,48.58,18.41,86.37,11.02,,,,,,,,,,,,,
Brent,E09000005,339818,758.94,374.92,128.08,332.15,13.73,27.90,540.95,49.89,63.12,170.42,34.18,,,,,,,,,,,,,
Brentwood,E07000068,77045,260.03,8.35,38.28,5.73,2.76,2.03,219.82,13.43,2.76,28.12,5.87,,,,,,,,,,,,,
Bridgend,W06000013,145486,222.71,0.37,10.15,14.55,5.50,3.49,613.63,48.51,5.89,58.50,7.99,,,,,,,,,,,,,
Brighton and Hove,E06000043,277107,921.73,2.45,54.83,154.09,8.35,14.42,540.58,47.79,81.83,307.61,24.28,,,,,,,,,,,,,
"Bristol, City of",E06000023,472462,1425.72,1.78,25.56,226.46,15.48,23.94,1222.60,113.55,193.13,414.12,32.84,,,,,,,,,,,,,
Broadland,E07000144,131722,293.34,0.46,2.54,18.90,2.56,6.10,540.52,30.38,22.03,42.08,10.77,,,,,,,,,,,,,
Bromley,E09000006,329989,1169.86,48.74,235.70,125.01,9.19,14.97,701.88,44.18,27.64,108.90,25.62,,,,,,,,,,,,,
Bromsgrove,E07000234,99186,254.64,0.36,10.02,5.73,2.79,1.84,390.32,23.32,4.45,33.74,5.39,,,,,,,,,,,,,
Broxbourne,E07000095,99005,220.27,15.14,40.40,15.45,4.86,3.63,365.41,24.99,8.03,41.61,8.58,,,,,,,,,,,,,
Broxtowe,E07000172,110944,268.05,11.23,3.78,30.88,2.73,3.27,377.51,27.19,20.78,52.33,6.60,,,,,,,,,,,,,
Buckinghamshire,E06000060,553081,1737.97,29.70,62.65,59.34,25.33,13.82,1857.93,127.69,34.36,246.15,38.19,,,,,,,,,,,,,
Burnley,E07000117,94649,104.39,0.25,2.99,25.27,17.71,1.74,347.31,39.78,6.24,68.69,5.83,,,,,,,,,,,,,
Bury,E08000002,193851,411.78,33.51,3.87,44.37,17.91,3.66,680.84,55.39,14.38,91.51,13.62,,,,,,,,,,,,,
Caerphilly,W06000018,175956,286.19,0.26,18.44,26.03,5.58,4.46,716.11,65.52,6.10,62.56,8.47,,,,,,,,,,,,,
Calderdale,E08000033,206627,422.64,0.76,17.94,57.94,17.20,4.43,719.60,67.11,10.30,115.11,13.74,,,,,,,,,,,,,
Cambridge,E07000008,145676,497.51,1.32,12.49,38.96,6.55,5.78,208.92,23.70,183.37,106.25,8.86,,,,,,,,,,,,,
Camden,E09000007,210134,900.27,160.36,44.18,101.20,11.36,8.46,109.59,7.90,61.86,164.53,18.44,,,,,,,,,,,,,
Cannock Chase,E07000192,100529,147.63,0.11,6.52,9.16,4.12,3.41,484.27,42.40,6.69,47.02,5.90,,,,,,,,,,,,,
Canterbury,E07000106,157431,311.54,1.63,23.81,29.53,3.25,4.01,474.12,38.62,17.12,110.69,10.74,,,,,,,,,,,,,
Cardiff,W06000015,362301,896.32,1.56,30.40,117.25,15.77,7.02,996.68,86.46,72.26,238.29,23.60,,,,,,,,,,,,,
Carmarthenshire,W06000010,187895,298.12,0.60,5.59,13.62,4.71,3.73,786.79,58.72,7.17,79.60,10.94,,,,,,,,,,,,,
Castle Point,E07000069,89591,180.83,1.89,28.49,12.52,2.56,3.14,335.35,23.80,6.54,33.19,7.05,,,,,,,,,,,,,
Central Bedfordshire,E06000056,294251,807.98,3.18,47.13,24.17,5.78,7.28,1190.14,77.09,23.32,135.62,18.89,,,,,,,,,,,,,
Ceredigion,W06000008,71468,147.55,0.33,1.01,6.10,1.41,1.58,238.55,15.49,4.17,46.59,3.89,,,,,,,,,,,,,
Charnwood,E07000130,183978,397.20,0.88,6.32,30.60,3.63,4.76,683.18,49.00,30.06,97.20,10.95,,,,,,,,,,,,,
Chelmsford,E07000070,181527,534.84,3.97,45.10,31.51,3.16,5.28,593.09,39.88,26.72,96.53,12.13,,,,,,,,,,,,,
Cheltenham,E07000078,118833,336.36,0.39,3.86,26.60,1.83,3.64,355.69,30.68,36.75,113.41,7.31,,,,,,,,,,,,,
Cherwell,E07000177,161013,423.61,0.64,15.91,29.23,6.77,5.34,612.08,51.95,33.40,126.03,11.42,,,,,,,,,,,,,
Cheshire East,E06000049,398771,1050.82,1.52,25.25,20.57,14.42,10.27,1447.66,115.48,54.80,216.12,25.21,,,,,,,,,,,,,
Cheshire West and Chester,E06000050,357150,823.96,1.39,20.00,45.13,15.31,10.36,1329.64,102.62,52.66,194.32,24.20,,,,,,,,,,,,,
Chesterfield,E07000034,103569,166.89,0.29,4.40,30.40,9.51,3.16,411.79,37.79,7.05,59.14,6.01,,,,,,,,,,,,,
Chichester,E07000225,124068,300.32,0.74,11.17,10.16,1.27,3.55,403.12,27.34,24.00,81.83,9.74,,,,,,,,,,,,,
Chorley,E07000118,117731,256.87,0.42,7.42,13.77,2.91,2.82,495.45,36.52,9.82,53.68,7.19,,,,,,,,,,,,,
City of London,E09000001,8579,55.80,5.41,1.47,2.05,0.33,0.20,1.92,0.20,2.96,11.74,0.84,,,,,,,,,,,,,
Colchester,E07000071,192716,436.35,1.87,32.05,41.92,6.77,7.06,675.76,51.57,35.23,124.00,12.97,,,,,,,,,,,,,
Conwy,W06000003,114741,176.32,0.43,4.51,22.32,2.63,2.63,438.38,30.54,8.37,60.34,8.41,,,,,,,,,,,,,
Cornwall,E06000052,570304,973.43,1.24,19.75,52.83,10.63,29.82,2210.00,160.78,46.29,387.66,46.49,,,,,,,,,,,,,
Cotswold,E07000079,90834,266.91,0.62,2.43,3.36,0.64,2.31,311.39,21.33,8.20,59.46,6.26,,,,,,,,,,,,,
County Durham,E06000047,522062,821.32,1.52,11.31,115.85,21.91,9.06,1975.72,182.84,24.90,243.44,34.89,,,,,,,,,,,,,
Coventry,E08000026,345328,599.16,2.34,22.57,169.60,35.03,7.36,1088.11,152.51,43.64,178.18,27.61,,,,,,,,,,,,,
Crawley,E07000226,118495,246.38,1.47,27.20,73.64,5.61,4.15,430.43,39.44,16.58,56.44,11.22,,,,,,,,,,,,,
Croydon,E09000008,390718,1099.60,126.20,266.92,308.35,13.70,22.53,811.52,54.33,37.52,155.20,38.56,,,,,,,,,,,,,
Cumberland,E06000063,273244,444.98,0.77,10.95,56.45,6.38,7.39,1109.49,93.85,30.50,199.75,18.73,,,,,,,,,,,,,
Dacorum,E07000096,155082,468.28,4.32,25.41,16.14,6.04,4.68,531.04,38.16,9.37,81.79,10.77,,,,,,,,,,,,,
Darlington,E06000005,107807,185.32,0.28,6.24,21.77,11.15,1.89,394.86,42.48,14.97,77.18,7.58,,,,,,,,,,,,,
Dartford,E07000107,116756,282.23,7.36,70.85,30.41,6.10,6.65,410.43,29.50,8.24,50.54,9.03,,,,,,,,,,,,,
Denbighshire,W06000004,95816,133.24,0.20,3.66,15.32,2.93,2.46,378.00,31.48,7.81,51.88,5.83,,,,,,,,,,,,,
Derby,E06000015,261354,422.33,1.29,8.32,92.68,31.99,8.47,897.05,103.88,45.80,171.64,16.81,,,,,,,,,,,,,
Derbyshire Dales,E07000035,71536,176.24,0.25,1.74,4.90,0.82,1.44,262.94,16.11,4.68,41.13,4.54,,,,,,,,,,,,,
Doncaster,E08000017,308108,395.11,0.95,18.14,97.42,24.21,6.71,1236.66,143.97,38.34,151.77,22.50,,,,,,,,,,,,,
Dorset,E06000059,379578,734.30,1.60,11.33,29.25,5.78,15.63,1401.66,87.63,46.06,239.04,27.03,,,,,,,,,,,,,
Dover,E07000108,116407,190.42,0.81,15.85,17.04,4.09,4.09,431.16,36.31,10.44,69.13,9.64,,,,,,,,,,,,,
Dudley,E08000027,323495,486.99,1.95,29.27,94.89,22.84,8.72,1321.29,110.07,19.57,125.91,19.35,,,,,,,,,,,,,
Ealing,E09000009,367122,978.16,314.79,89.67,291.88,11.79,23.72,665.27,47.75,77.87,174.07,36.64,,,,,,,,,,,,,
East Cambridgeshire,E07000009,87762,241.78,0.25,13.85,4.96,1.63,2.68,352.22,22.82,12.58,34.25,5.42,,,,,,,,,,,,,
East Devon,E07000040,150821,306.09,0.40,8.37,17.96,1.75,6.83,539.75,33.29,18.23,90.72,10.40,,,,,,,,,,,,,
East Hampshire,E07000085,125741,358.51,0.65,10.95,6.46,1.53,3.64,470.84,30.49,7.54,57.48,8.27,,,,,,,,,,,,,
East Hertfordshire,E07000242,150160,484.58,4.99,46.99,15.68,3.59,3.27,499.34,28.21,9.30,78.83,10.78,,,,,,,,,,,,,
East Lindsey,E07000137,142292,170.31,0.31,1.29,9.53,2.51,3.64,512.71,35.90,18.48,96.43,9.93,,,,,,,,,,,,,
East Riding of Yorkshire,E06000011,342217,597.52,0.88,12.12,29.99,6.01,10.80,1382.84,99.00,62.95,190.08,26.54,,,,,,,,,,,,,
East Staffordshire,E07000193,124019,205.04,0.40,3.45,11.59,14.87,4.43,510.40,52.43,20.85,86.99,8.52,,,,,,,,,,,,,
East Suffolk,E07000244,246055,430.29,1.08,7.93,19.16,5.14,9.81,910.41,56.59,56.75,128.17,22.53,,,,,,,,,,,,,
Eastbourne,E07000061,101685,156.86,0.82,18.51,23.33,6.48,3.55,332.83,30.81,16.22,81.88,7.76,,,,,,,,,,,,,
Eastleigh,E07000086,136446,370.16,0.64,13.22,12.84,2.93,6.52,547.59,36.42,17.79,59.32,9.56,,,,,,,,,,,,,
Elmbridge,E07000207,138757,557.47,4.48,42.74,10.61,2.14,6.06,316.79,17.96,22.17,47.45,9.82,,,,,,,,,,,,,
Enfield,E09000010,329986,696.81,194.54,110.59,236.87,12.69,12.21,723.83,48.74,31.60,127.24,33.73,,,,,,,,,,,,,
Epping Forest,E07000072,134981,389.96,73.50,23.83,13.22,7.24,4.60,418.53,26.69,6.24,43.46,12.05,,,,,,,,,,,,,
Epsom and Ewell,E07000208,80939,277.78,5.38,33.22,13.15,2.62,5.45,211.26,14.35,10.21,39.30,5.61,,,,,,,,,,,,,
Erewash,E07000036,112902,210.81,1.69,3.73,33.42,3.35,4.88,469.19,37.03,18.82,61.20,7.47,,,,,,,,,,,,,
Exeter,E07000041,130712,283.28,0.54,8.18,43.97,3.22,7.31,343.78,33.71,43.70,148.78,8.41,,,,,,,,,,,,,
Fareham,E07000087,114503,297.55,0.50,9.28,7.76,2.77,5.16,439.71,27.02,18.59,43.97,9.57,,,,,,,,,,,,,
Fenland,E07000010,102457,146.61,0.40,4.55,8.18,2.00,3.38,436.36,41.95,22.57,56.61,7.24,,,,,,,,,,,,,
Flintshire,W06000005,154965,252.05,0.42,4.00,25.93,5.52,5.65,703.53,58.39,17.44,61.91,8.85,,,,,,,,,,,,,
Folkestone and Hythe,E07000112,109754,213.33,0.62,14.44,20.43,3.97,3.07,370.61,29.93,8.34,67.55,8.55,,,,,,,,,,,,,
Forest of Dean,E07000080,87006,173.98,0.15,1.47,7.58,0.53,3.11,362.19,25.41,4.43,35.40,5.28,,,,,,,,,,,,,
Fylde,E07000119,81380,176.01,0.48,2.73,12.29,2.46,1.80,283.70,20.33,8.29,38.70,6.55,,,,,,,,,,,,,
Gateshead,E08000037,196144,362.94,23.67,6.06,111.56,11.99,3.61,634.53,65.83,16.92,103.44,15.34,,,,,,,,,,,,,
Gedling,E07000173,117258,266.78,1.04,2.68,55.34,3.72,3.28,438.33,30.04,11.57,50.03,7.67,,,,,,,,,,,,,
Gloucester,E07000081,132409,246.46,0.37,3.33,43.16,3.01,6.48,532.03,48.97,33.68,91.55,7.61,,,,,,,,,,,,,
Gosport,E07000088,81955,137.34,0.36,3.22,17.48,3.45,7.53,310.01,24.40,37.69,44.56,10.16,,,,,,,,,,,,,
Gravesham,E07000109,106899,201.98,3.14,41.13,25.80,3.47,5.33,384.20,40.14,6.27,50.57,8.89,,,,,,,,,,,,,
Great Yarmouth,E07000145,99743,105.55,0.31,1.92,28.00,3.24,3.98,354.21,38.55,19.77,66.84,15.01,,,,,,,,,,,,,
Greenwich,E09000011,289067,897.93,211.19,191.74,237.32,9.84,13.66,443.44,33.46,41.64,108.46,25.72,,,,,,,,,,,,,
Guildford,E07000209,143646,477.39,1.43,25.05,19.58,2.59,5.56,399.62,28.60,18.39,91.19,11.59,,,,,,,,,,,,,
Gwynedd,W06000002,117397,189.92,0.37,3.07,19.61,1.94,2.09,454.49,35.14,8.24,81.99,5.96,,,,,,,,,,,,,
Hackney,E09000012,259148,1035.59,158.63,77.32,216.82,14.90,10.41,180.43,13.18,155.10,196.72,21.71,,,,,,,,,,,,,
Halton,E06000006,128475,225.39,0.40,7.28,29.68,7.62,3.59,492.35,50.06,18.31,66.56,8.27,,,,,,,,,,,,,
Hammersmith and Fulham,E09000013,183161,795.06,179.37,36.81,116.26,9.22,15.40,120.55,7.96,76.15,146.23,16.70,,,,,,,,,,,,,
Harborough,E07000131,97631,270.72,0.33,4.17,6.27,1.15,1.58,388.99,21.26,8.29,47.36,5.48,,,,,,,,,,,,,
Haringey,E09000014,264234,863.98,335.09,81.69,237.67,9.70,17.15,285.62,22.57,80.96,122.70,24.77,,,,,,,,,,,,,
Harlow,E07000073,93334,149.21,11.67,15.17,17.17,8.49,4.06,378.44,38.86,15.26,65.77,8.29,,,,,,,,,,,,,
Harrow,E09000015,261203,699.88,241.76,73.14,134.37,7.99,9.14,587.45,49.93,14.18,95.22,24.09,,,,,,,,,,,,,
Hart,E07000089,99409,349.81,0.71,10.30,3.52,1.05,2.90,339.94,18.50,9.13,39.27,6.40,,,,,,,,,,,,,
Hartlepool,E06000001,92334,101.79,0.51,4.17,19.23,9.90,1.13,347.78,35.26,8.69,48.51,7.89,,,,,,,,,,,,,
Hastings,E07000062,91006,169.54,0.68,16.55,18.13,10.09,4.55,294.24,33.84,8.30,69.64,8.10,,,,,,,,,,,,,
Havant,E07000090,124207,223.29,0.28,9.67,24.09,6.32,6.29,482.81,43.80,18.30,49.81,8.63,,,,,,,,,,,,,
Havering,E09000016,262057,645.33,129.56,135.11,107.66,11.45,9.43,710.95,52.01,13.14,94.52,24.01,,,,,,,,,,,,,
"Herefordshire, County of",E06000019,187039,350.41,0.48,4.20,8.60,3.84,6.26,742.65,56.39,39.80,145.49,13.11,,,,,,,,,,,,,
Hertsmere,E07000098,107822,326.13,20.30,30.97,23.38,4.17,3.63,327.89,20.36,5.53,46.07,9.06,,,,,,,,,,,,,
High Peak,E07000037,90930,200.99,0.48,11.71,9.48,2.80,1.91,359.06,23.80,5.83,69.73,5.41,,,,,,,,,,,,,
Hillingdon,E09000017,305916,700.16,145.04,57.54,206.93,10.38,11.96,858.61,57.49,25.21,111.95,27.14,,,,,,,,,,,,,
Hinckley and Bosworth,E07000132,113640,258.20,0.43,2.60,10.88,1.75,2.93,486.48,30.18,12.77,52.97,6.65,,,,,,,,,,,,,
Horsham,E07000227,146776,455.75,0.84,19.13,9.67,1.55,4.04,505.76,31.81,10.88,69.31,9.36,,,,,,,,,,,,,
Hounslow,E09000018,288181,697.89,155.64,78.80,287.20,9.84,18.58,631.65,47.14,62.84,133.45,27.38,,,,,,,,,,,,,
Huntingdonshire,E07000011,180832,494.21,0.79,15.57,17.32,4.86,5.44,684.35,48.62,36.47,97.31,10.95,,,,,,,,,,,,,
Hyndburn,E07000120,82236,97.74,0.12,3.45,14.87,15.38,2.29,328.63,33.31,4.14,46.11,5.90,,,,,,,,,,,,,
Ipswich,E07000202,139644,258.17,0.53,8.66,38.39,7.14,6.99,497.82,59.54,33.17,117.33,10.71,,,,,,,,,,,,,
Isle of Anglesey,W06000001,68875,101.83,0.09,1.84,7.17,1.43,1.78,277.55,20.98,4.32,31.06,4.35,,,,,,,,,,,,,
Isle of Wight,E06000046,140460,200.20,0.60,3.90,35.49,1.29,9.62,460.19,32.53,19.75,114.71,18.89,,,,,,,,,,,,,
Isles of Scilly,E06000053,2058,4.99,0.00,0.02,0.11,0.02,0.14,4.37,0.29,1.97,4.79,0.59,,,,,,,,,,,,,
Islington,E09000019,216587,999.74,171.95,47.45,144.79,10.67,9.61,121.94,8.55,95.02,153.72,17.75,,,,,,,,,,,,,
Kensington and Chelsea,E09000020,143376,619.86,103.17,18.03,62.85,15.54,8.80,82.59,7.54,36.83,105.66,14.90,,,,,,,,,,,,,
King's Lynn and West Norfolk,E07000146,154318,219.41,0.76,8.82,12.46,2.65,5.28,643.39,51.95,38.03,78.73,10.95,,,,,,,,,,,,,
"Kingston upon Hull, City of",E06000010,267010,240.66,0.64,6.41,137.93,23.19,15.01,948.72,141.04,126.56,165.40,19.29,,,,,,,,,,,,,
Kingston upon Thames,E09000021,168064,608.10,22.57,76.63,85.50,3.53,10.92,326.91,21.63,36.86,98.59,12.43,,,,,,,,,,,,,
Kirklees,E08000034,433222,773.20,1.56,32.46,107.83,52.72,9.36,1564.88,143.31,21.35,208.42,29.79,,,,,,,,,,,,,
Knowsley,E08000011,154523,230.53,0.79,27.24,72.12,20.76,2.60,549.09,66.96,18.41,75.60,12.56,,,,,,,,,,,,,
Lambeth,E09000022,317662,1421.75,290.38,132.17,327.28,12.53,22.68,263.28,15.69,150.45,165.97,30.13,,,,,,,,,,,,,
Lancaster,E07000121,142932,239.05,0.60,7.10,32.44,4.71,4.79,489.67,47.42,26.21,104.87,9.88,,,,,,,,,,,,,
Leeds,E08000035,811950,1961.13,3.86,61.20,420.65,83.07,14.14,2420.36,233.16,80.41,461.97,55.26,,,,,,,,,,,,,
Leicester,E06000016,368569,457.50,2.25,11.70,167.04,44.56,7.27,1041.81,212.78,84.74,334.47,36.22,,,,,,,,,,,,,
Lewes,E07000063,99912,243.44,0.57,15.93,31.57,1.53,3.64,304.52,20.48,9.34,51.90,6.60,,,,,,,,,,,,,
Lewisham,E09000023,300554,1084.12,166.93,223.20,265.67,9.73,15.66,382.81,23.69,86.28,126.20,28.09,,,,,,,,,,,,,
Lichfield,E07000194,106439,247.25,0.43,7.96,7.62,2.00,2.45,429.33,28.23,7.98,42.29,6.40,,,,,,,,,,,,,
Lincoln,E07000138,103813,146.42,0.20,3.25,26.76,7.11,3.86,339.85,49.62,31.81,106.54,8.38,,,,,,,,,,,,,
Liverpool,E08000012,486093,832.28,8.34,79.60,346.83,55.88,9.17,1268.86,157.40,75.32,313.48,40.42,,,,,,,,,,,,,
Luton,E06000032,225259,328.43,5.17,38.87,104.08,28.13,4.09,738.08,104.09,17.09,138.74,22.67,,,,,,,,,,,,,
Maidstone,E07000110,175778,415.85,1.67,34.69,24.52,4.01,4.77,671.22,52.89,12.39,102.73,13.90,,,,,,,,,,,,,
Maldon,E07000074,66208,151.66,0.85,9.88,3.78,0.88,1.72,261.30,15.46,4.52,29.40,4.79,,,,,,,,,,,,,
Malvern Hills,E07000235,79483,193.39,0.23,4.28,2.65,0.59,2.31,288.94,17.09,6.60,33.84,4.76,,,,,,,,,,,,,
Manchester,E08000003,551943,1145.89,95.31,44.12,366.69,56.61,7.16,1276.26,127.30,113.17,350.86,46.26,,,,,,,,,,,,,
Mansfield,E07000174,110486,135.67,0.46,3.14,28.30,9.40,3.66,487.06,59.51,9.20,51.62,7.81,,,,,,,,,,,,,
Medway,E06000035,279771,533.97,4.85,82.71,47.87,12.63,12.50,1076.80,97.62,14.59,147.47,23.39,,,,,,,,,,,,,
Melton,E07000133,51751,112.49,0.08,1.86,3.14,0.70,1.44,214.77,14.13,6.51,36.39,3.01,,,,,,,,,,,,,
Merthyr Tydfil,W06000024,58847,72.29,0.17,4.31,11.53,5.07,0.71,240.86,31.60,1.25,26.06,3.33,,,,,,,,,,,,,
Merton,E09000024,215188,750.14,188.37,82.00,143.32,5.96,17.85,350.41,25.25,50.15,103.54,19.18,,,,,,,,,,,,,
Mid Devon,E07000042,82848,185.34,0.15,2.15,8.97,0.99,3.01,330.09,24.14,7.37,55.85,6.01,,,,,,,,,,,,,
Mid Suffolk,E07000203,102702,240.55,0.43,6.89,2.65,1.01,3.35,440.24,22.68,11.73,38.65,6.85,,,,,,,,,,,,,
Mid Sussex,E07000228,152570,485.13,1.08,39.49,9.65,2.91,4.35,499.19,33.53,9.71,92.32,8.92,,,,,,,,,,,,,
Middlesbrough,E06000002,143922,146.84,0.43,7.27,35.08,31.76,1.53,476.32,62.90,17.37,79.46,15.38,,,,,,,,,,,,,
Milton Keynes,E06000042,287057,808.68,3.53,29.67,70.23,44.25,6.94,971.59,108.22,43.52,112.91,21.78,,,,,,,,,,,,,
Mole Valley,E07000210,87386,300.23,1.10,19.40,4.52,1.56,3.38,258.08,16.30,6.97,38.42,6.03,,,,,,,,,,,,,
Monmouthshire,W06000021,92961,227.86,0.46,3.69,3.13,1.53,2.18,347.53,20.90,5.16,45.92,5.21,,,,,,,,,,,,,
Neath Port Talbot,W06000012,142290,193.10,0.31,6.89,15.12,4.24,3.87,578.18,47.70,8.49,51.03,8.01,,,,,,,,,,,,,
New Forest,E07000091,175778,371.20,0.43,6.94,10.98,2.17,6.27,663.78,42.78,27.79,73.85,13.09,,,,,,,,,,,,,
Newark and Sherwood,E07000175,122954,229.07,0.51,4.45,8.83,2.49,3.21,492.57,39.46,26.14,70.06,8.06,,,,,,,,,,,,,
Newcastle upon Tyne,E08000021,300131,581.42,36.21,12.30,184.16,25.31,3.64,751.20,84.98,44.67,190.93,22.94,,,,,,,,,,,,,
Newcastle-under-Lyme,E07000195,123306,201.54,0.19,3.39,16.16,17.03,3.97,510.06,52.12,9.39,58.07,6.26,,,,,,,,,,,,,
Newham,E09000025,351039,739.57,594.47,217.07,229.62,12.43,16.47,439.20,36.76,58.21,152.11,36.31,,,,,,,,,,,,,
Newport,W06000022,159594,315.82,0.34,11.09,31.05,16.93,3.87,586.70,62.59,15.01,74.12,10.16,,,,,,,,,,,,,
North Devon,E07000043,98608,169.75,0.25,1.10,15.14,1.84,4.15,365.45,28.00,17.01,90.38,6.62,,,,,,,,,,,,,
North East Derbyshire,E07000038,102000,179.34,0.57,2.28,18.33,3.04,3.11,438.41,31.11,4.60,34.77,5.84,,,,,,,,,,,,,
North East Lincolnshire,E06000012,156966,148.81,0.29,2.43,35.20,8.78,5.56,637.98,62.59,53.03,98.53,13.45,,,,,,,,,,,,,
North Hertfordshire,E07000099,133211,444.47,1.75,37.83,7.08,2.46,3.27,419.96,31.93,13.56,70.75,7.37,,,,,,,,,,,,,
North Kesteven,E07000139,118075,238.68,0.40,4.65,8.01,1.49,4.14,510.62,31.76,19.91,53.74,8.01,,,,,,,,,,,,,
North Lincolnshire,E06000013,169674,205.70,0.33,2.03,16.05,3.61,5.86,730.89,66.08,35.74,102.51,12.10,,,,,,,,,,,,,
North Norfolk,E07000147,102988,156.57,0.56,4.48,5.69,1.64,4.15,369.78,21.66,12.52,59.88,8.44,,,,,,,,,,,,,
North Northamptonshire,E06000061,359525,653.20,1.66,14.27,38.25,26.94,9.36,1579.08,167.04,45.01,210.64,25.49,,,,,,,,,,,,,
North Somerset,E06000024,216727,518.47,0.46,12.41,27.61,5.98,7.89,804.96,58.84,30.23,111.31,12.91,,,,,,,,,,,,,
North Tyneside,E08000022,208952,476.21,47.11,10.55,67.28,12.25,4.55,680.65,63.84,29.20,95.70,19.52,,,,,,,,,,,,,
North Warwickshire,E07000218,65035,130.31,0.14,2.93,6.15,1.81,1.80,291.45,22.15,4.34,27.08,3.81,,,,,,,,,,,,,
North West Leicestershire,E07000134,104706,230.44,0.28,1.02,10.36,2.56,4.06,465.58,30.24,9.22,45.27,5.96,,,,,,,,,,,,,
North Yorkshire,E06000065,615487,1360.96,2.00,26.85,63.36,12.75,15.59,2290.73,167.61,70.77,491.61,45.38,,,,,,,,,,,,,
Northumberland,E06000057,320565,595.38,3.19,9.45,61.89,9.08,4.43,1180.84,91.87,22.67,175.78,26.41,,,,,,,,,,,,,
Norwich,E07000148,143926,301.61,0.90,4.97,47.97,7.65,8.83,380.42,42.65,62.65,148.90,11.63,,,,,,,,,,,,,
Nottingham,E06000018,323627,509.94,42.76,12.55,235.75,23.18,8.57,775.70,91.89,55.23,212.99,27.93,,,,,,,,,,,,,
Nuneaton and Bedworth,E07000219,134204,224.04,0.31,5.76,22.81,5.42,3.92,567.88,55.65,16.98,67.42,7.61,,,,,,,,,,,,,
Oadby and Wigston,E07000135,57753,115.84,0.37,1.47,11.99,2.25,1.49,217.08,16.14,7.64,24.54,3.78,,,,,,,,,,,,,
Oldham,E08000004,242081,323.84,38.39,7.22,70.74,29.06,3.90,803.21,89.38,11.67,123.55,20.51,,,,,,,,,,,,,
Oxford,E07000178,162039,440.41,1.19,8.10,100.59,6.46,5.81,265.90,27.55,119.66,150.23,10.07,,,,,,,,,,,,,
Pembrokeshire,W06000009,123366,188.68,0.46,2.25,8.40,3.10,2.84,500.01,36.04,5.16,61.99,8.57,,,,,,,,,,,,,
Pendle,E07000122,95753,115.59,0.29,2.70,17.83,14.11,1.63,348.37,35.35,5.19,66.56,6.24,,,,,,,,,,,,,
Peterborough,E06000031,215676,383.40,1.33,15.11,56.45,35.46,6.52,758.69,110.69,59.23,118.74,18.64,,,,,,,,,,,,,
Plymouth,E06000026,264693,397.48,0.68,5.75,118.86,18.61,24.51,960.17,96.36,39.57,189.33,23.55,,,,,,,,,,,,,
Portsmouth,E06000044,208002,376.70,0.98,29.34,76.97,20.00,12.50,630.66,75.20,79.45,192.48,20.70,,,,,,,,,,,,,
Powys,W06000023,133174,289.68,0.31,2.28,4.60,1.35,2.39,520.54,30.38,8.30,87.83,8.63,,,,,,,,,,,,,
Preston,E07000123,147835,257.39,0.48,9.26,65.44,11.59,3.64,497.00,60.41,17.91,99.20,10.01,,,,,,,,,,,,,
Reading,E06000038,174235,541.47,2.18,37.37,102.00,4.93,5.41,432.46,45.01,36.58,156.29,13.08,,,,,,,,,,,,,
Redbridge,E09000026,310260,765.43,319.57,132.29,126.61,13.17,9.88,623.13,46.14,24.26,104.85,28.85,,,,,,,,,,,,,
Redcar and Cleveland,E06000003,136536,155.22,0.29,8.61,24.66,11.74,1.95,524.97,46.97,9.79,63.46,14.05,,,,,,,,,,,,,
Redditch,E07000236,87034,152.94,0.26,3.84,20.65,7.41,2.08,379.54,38.38,9.20,41.41,5.73,,,,,,,,,,,,,
Reigate and Banstead,E07000211,150852,489.40,3.49,45.44,25.78,5.92,6.14,462.67,30.06,11.36,72.74,10.94,,,,,,,,,,,,,
Rhondda Cynon Taf,W06000016,237651,349.56,0.59,29.53,42.64,3.81,4.38,968.19,95.79,6.23,88.96,12.10,,,,,,,,,,,,,
Ribble Valley,E07000124,61558,139.51,0.25,2.34,3.81,1.04,1.32,266.02,14.53,4.00,34.08,3.86,,,,,,,,,,,,,
Richmond upon Thames,E09000027,195278,888.07,44.88,66.91,60.87,4.28,10.05,265.02,14.90,60.24,83.44,12.89,,,,,,,,,,,,,
Rochdale,E08000005,223775,312.19,12.84,12.46,71.45,29.99,4.73,805.55,81.32,12.53,104.28,16.08,,,,,,,,,,,,,
Rochford,E07000075,85667,227.11,0.93,29.08,8.75,1.80,2.57,303.39,18.59,4.31,27.14,6.27,,,,,,,,,,,,,
Rossendale,E07000125,70876,124.50,0.28,1.05,15.90,3.97,1.84,303.19,23.35,2.37,31.91,4.69,,,,,,,,,,,,,
Rother,E07000064,93111,190.65,0.48,13.51,5.14,2.03,3.10,297.26,20.31,5.34,43.38,6.46,,,,,,,,,,,,,
Rotherham,E08000018,265806,383.44,3.04,7.45,76.83,16.79,6.23,1091.89,105.23,13.83,102.53,17.79,,,,,,,,,,,,,
Rugby,E07000220,114366,275.64,0.57,6.83,17.18,4.12,2.93,461.73,46.38,17.21,60.62,7.03,,,,,,,,,,,,,
Runnymede,E07000212,88085,256.09,1.89,17.69,7.62,2.84,3.56,288.33,19.63,10.92,42.74,6.46,,,,,,,,,,,,,
Rushcliffe,E07000176,119078,382.36,1.91,2.63,24.39,1.98,1.91,380.16,21.61,16.13,43.16,6.51,,,,,,,,,,,,,
Rushmoor,E07000092,99758,237.05,0.73,18.85,23.64,2.40,4.54,413.17,38.95,13.99,59.41,8.64,,,,,,,,,,,,,
Rutland,E06000017,41050,99.21,0.12,1.53,1.08,0.54,0.91,140.01,7.99,5.70,31.05,2.85,,,,,,,,,,,,,
Salford,E08000006,269927,604.82,31.42,19.78,130.40,28.49,5.93,812.73,78.04,42.60,203.06,19.66,,,,,,,,,,,,,
Sandwell,E08000028,341835,408.18,21.71,40.17,184.95,35.73,8.10,1155.59,136.20,26.40,142.89,25.66,,,,,,,,,,,,,
Sefton,E08000014,279231,538.37,2.73,60.59,76.94,26.37,6.49,923.58,95.20,40.68,138.19,21.18,,,,,,,,,,,,,
Sevenoaks,E07000111,120516,368.34,2.49,47.45,6.83,2.17,4.69,359.80,23.58,4.48,45.84,7.84,,,,,,,,,,,,,
Sheffield,E08000019,556519,1079.12,41.80,27.07,276.82,44.15,9.53,1695.18,163.45,54.69,319.33,38.17,,,,,,,,,,,,,
Shropshire,E06000051,323608,643.33,0.54,11.81,17.20,11.33,6.63,1293.15,99.48,45.33,211.66,20.96,,,,,,,,,,,,,
Slough,E06000039,158498,309.48,9.09,35.99,48.76,14.38,5.11,533.05,58.62,23.69,87.95,15.66,,,,,,,,,,,,,
Solihull,E08000029,216236,547.91,1.07,24.21,56.90,9.57,3.76,728.18,54.36,15.49,63.95,11.90,,,,,,,,,,,,,
Somerset,E06000066,571550,1090.15,1.89,10.91,52.85,8.63,23.36,2252.98,163.74,103.04,422.23,38.41,,,,,,,,,,,,,
South Cambridgeshire,E07000012,162116,558.45,0.99,10.61,24.85,2.66,6.66,519.11,31.87,61.92,48.51,8.88,,,,,,,,,,,,,
South Derbyshire,E07000039,107203,230.89,0.39,1.97,10.61,4.83,4.26,496.72,31.98,7.51,39.58,6.37,,,,,,,,,,,,,
South Gloucestershire,E06000025,290423,811.02,0.62,6.79,68.82,4.28,15.00,1110.76,75.76,47.41,129.69,16.73,,,,,,,,,,,,,
South Hams,E07000044,88628,208.39,0.43,2.12,7.61,0.91,4.63,316.30,18.33,6.38,55.79,7.90,,,,,,,,,,,,,
South Holland,E07000140,95119,123.31,0.39,2.14,4.43,1.80,3.07,447.74,42.19,22.99,46.43,6.35,,,,,,,,,,,,,
South Kesteven,E07000141,143400,300.99,0.50,6.44,8.78,3.35,4.00,564.27,40.36,19.51,99.45,8.86,,,,,,,,,,,,,
South Norfolk,E07000149,141948,330.60,0.50,3.45,16.07,1.67,5.10,576.46,31.70,20.48,52.74,10.83,,,,,,,,,,,,,
South Oxfordshire,E07000179,149080,506.75,1.13,13.90,18.10,1.25,4.48,488.98,32.49,25.36,83.55,8.80,,,,,,,,,,,,,
South Ribble,E07000126,111042,243.71,0.23,4.73,16.84,3.10,3.25,474.49,34.78,15.04,44.99,6.44,,,,,,,,,,,,,
South Staffordshire,E07000196,110474,217.97,0.84,7.81,9.64,2.65,2.63,470.03,29.14,5.64,32.35,6.77,,,,,,,,,,,,,
South Tyneside,E08000023,147777,228.96,34.55,9.06,52.06,4.63,3.28,489.18,44.67,17.40,66.20,18.42,,,,,,,,,,,,,
Southampton,E06000045,248912,469.15,1.30,22.15,121.38,13.34,12.19,800.27,92.10,55.85,220.85,23.13,,,,,,,,,,,,,
Southend-on-Sea,E06000033,180685,431.05,3.75,70.07,40.30,6.04,5.86,512.96,44.39,27.36,132.77,15.35,,,,,,,,,,,,,
Southwark,E09000028,307641,1252.45,216.90,109.28,360.79,12.25,17.54,227.76,13.66,147.75,201.37,26.69,,,,,,,,,,,,,
Spelthorne,E07000213,102953,286.57,7.28,22.88,28.29,2.23,6.44,364.70,20.68,15.04,35.99,8.41,,,,,,,,,,,,,
St Albans,E07000240,148173,597.92,3.76,38.17,11.34,3.42,2.93,360.54,22.90,11.84,67.72,8.41,,,,,,,,,,,,,
St. Helens,E08000013,183245,293.94,0.45,14.73,45.41,14.16,4.48,730.75,74.40,14.97,74.72,12.02,,,,,,,,,,,,,
Stafford,E07000197,136870,306.37,0.40,7.41,10.50,3.90,4.09,542.95,40.47,20.14,75.15,7.50,,,,,,,,,,,,,
Staffordshire Moorlands,E07000198,95851,169.63,0.20,1.50,6.35,2.03,2.34,424.74,30.91,4.88,48.66,6.43,,,,,,,,,,,,,
Stevenage,E07000243,89501,199.48,1.63,22.01,18.89,5.65,3.08,343.02,34.39,13.85,55.68,6.60,,,,,,,,,,,,,
Stockport,E08000007,294776,777.06,4.48,33.19,83.92,11.54,5.67,994.84,71.08,35.68,129.78,18.75,,,,,,,,,,,,,
Stockton-on-Tees,E06000004,196594,291.40,0.70,8.15,34.95,20.43,3.02,788.94,68.04,19.52,84.26,19.80,,,,,,,,,,,,,
Stoke-on-Trent,E06000021,258375,265.87,0.51,7.00,57.00,60.93,8.69,1016.87,135.72,25.10,149.01,17.46,,,,,,,,,,,,,
Stratford-on-Avon,E07000221,134727,405.15,0.53,3.89,5.75,1.52,3.10,486.13,29.93,12.53,70.04,7.61,,,,,,,,,,,,,
Stroud,E07000082,121103,324.45,0.39,2.73,10.29,1.02,4.49,477.48,30.37,13.32,56.66,7.11,,,,,,,,,,,,,
Sunderland,E08000024,274166,424.78,16.52,8.06,121.59,13.76,4.73,940.15,103.75,23.22,136.38,22.05,,,,,,,,,,,,,
Surrey Heath,E07000214,90460,286.75,0.54,10.55,8.07,1.43,2.94,317.63,20.26,7.50,40.81,6.31,,,,,,,,,,,,,
Sutton,E09000029,209640,589.09,59.10,99.80,106.88,6.75,14.75,558.82,37.37,24.18,100.45,17.49,,,,,,,,,,,,,
Swale,E07000113,151678,272.47,1.13,34.08,7.39,3.32,6.00,587.63,46.32,14.49,88.70,10.60,,,,,,,,,,,,,
Swansea,W06000011,238500,394.98,0.82,6.82,44.29,12.58,5.17,873.08,81.48,17.06,108.20,14.24,,,,,,,,,,,,,
Swindon,E06000030,233414,558.07,0.99,7.96,102.44,12.86,8.66,856.41,93.71,50.96,116.46,17.52,,,,,,,,,,,,,
Tameside,E08000008,231063,402.34,13.87,20.54,90.14,15.69,5.21,858.63,75.74,18.58,119.90,16.22,,,,,,,,,,,,,
Tamworth,E07000199,78646,127.63,0.15,5.22,12.30,3.92,2.77,347.05,36.90,11.45,39.24,4.54,,,,,,,,,,,,,
Tandridge,E07000215,87878,285.70,1.75,30.20,9.45,1.61,2.96,272.76,16.47,2.97,29.75,5.96,,,,,,,,,,,,,
Teignbridge,E07000045,134805,271.07,0.34,9.48,16.41,1.87,6.69,523.42,34.52,12.07,77.66,9.14,,,,,,,,,,,,,
Telford and Wrekin,E06000020,185523,316.51,0.64,8.13,17.57,36.36,5.64,744.36,83.54,20.09,79.93,11.81,,,,,,,,,,,,,
Tendring,E07000076,148287,206.39,1.19,16.89,9.95,4.46,4.79,520.09,37.68,15.77,75.84,9.88,,,,,,,,,,,,,
Test Valley,E07000093,130488,369.59,0.51,7.90,8.83,3.83,3.97,492.42,37.46,17.07,70.15,8.71,,,,,,,,,,,,,
Tewkesbury,E07000083,94888,240.63,0.33,1.22,16.02,0.67,3.19,374.52,23.55,16.86,38.56,5.21,,,,,,,,,,,,,
Thanet,E07000114,140585,223.22,1.12,22.43,32.16,8.69,5.61,456.61,49.05,18.50,89.66,9.93,,,,,,,,,,,,,
Three Rivers,E07000102,93774,303.78,26.31,17.06,7.61,2.37,2.56,307.02,18.13,6.24,30.18,6.12,,,,,,,,,,,,,
Thurrock,E06000034,175997,326.60,30.68,93.67,40.31,8.60,8.21,669.98,54.97,15.74,67.47,15.34,,,,,,,,,,,,,
Tonbridge and Malling,E07000115,132196,368.91,1.21,34.08,9.34,1.91,4.38,473.00,30.74,8.74,57.51,8.35,,,,,,,,,,,,,
Torbay,E06000027,139324,188.31,0.31,5.27,30.54,5.87,8.99,488.51,47.53,10.88,115.30,11.56,,,,,,,,,,,,,
Torfaen,W06000020,92274,140.22,0.22,2.93,13.88,5.56,2.82,390.12,32.98,3.08,33.84,4.18,,,,,,,,,,,,,
Torridge,E07000046,68122,120.47,0.11,0.70,9.36,1.05,2.35,263.20,18.19,3.36,42.54,4.23,,,,,,,,,,,,,
Tower Hamlets,E09000030,310303,1211.81,332.35,110.17,139.59,13.88,12.19,218.54,15.26,111.67,215.35,26.66,,,,,,,,,,,,,
Trafford,E08000009,235063,704.14,38.36,8.06,47.53,11.94,3.56,716.61,48.43,38.72,96.12,14.86,,,,,,,,,,,,,
Tunbridge Wells,E07000116,115311,366.14,1.04,26.71,12.94,2.01,2.97,338.61,25.24,7.84,75.22,7.33,,,,,,,,,,,,,
Uttlesford,E07000077,91340,279.04,1.94,15.35,4.55,1.38,1.97,337.51,17.52,4.94,38.00,6.43,,,,,,,,,,,,,
Vale of Glamorgan,W06000014,131935,315.97,0.59,21.12,14.33,3.44,3.32,465.63,31.98,9.70,54.38,7.84,,,,,,,,,,,,,
Vale of White Horse,E07000180,138910,452.99,0.64,5.33,30.07,1.60,5.33,462.07,30.80,35.83,65.52,7.67,,,,,,,,,,,,,
Wakefield,E08000036,353375,572.68,0.90,24.09,96.67,33.31,9.79,1429.24,148.76,28.41,185.54,21.33,,,,,,,,,,,,,
Walsall,E08000030,284130,341.52,4.18,17.06,112.12,23.73,6.41,1065.52,107.58,21.92,119.14,17.21,,,,,,,,,,,,,
Waltham Forest,E09000031,278429,817.47,388.82,105.50,157.13,11.81,13.29,426.54,30.58,77.08,120.42,26.09,,,,,,,,,,,,,
Wandsworth,E09000032,327506,1667.61,255.67,123.14,214.77,12.72,27.07,274.59,16.13,141.70,191.15,25.89,,,,,,,,,,,,,
Warrington,E06000007,210969,505.79,0.79,10.63,31.85,11.84,6.32,818.61,71.87,39.54,87.78,13.68,,,,,,,,,,,,,
Warwick,E07000222,148452,504.05,0.73,9.84,13.88,2.99,2.84,443.71,33.15,21.72,86.25,7.90,,,,,,,,,,,,,
Watford,E07000103,102244,277.30,23.97,29.00,25.35,4.83,4.00,309.20,25.10,15.43,95.76,9.02,,,,,,,,,,,,,
Waverley,E07000216,128231,448.19,1.01,19.66,6.97,1.13,3.61,361.38,24.12,8.97,57.99,7.72,,,,,,,,,,,,,
Wealden,E07000065,160146,403.47,0.76,19.44,10.78,2.32,3.92,598.18,35.93,8.21,61.80,10.02,,,,,,,,,,,,,
Welwyn Hatfield,E07000241,119839,325.36,6.18,31.85,19.18,9.53,3.56,373.25,32.09,19.51,72.06,8.34,,,,,,,,,,,,,
West Berkshire,E06000037,161447,526.56,1.01,14.22,18.85,2.06,4.52,553.32,42.96,19.37,82.27,10.09,,,,,,,,,,,,,
West Devon,E07000047,57093,123.52,0.17,0.87,4.40,0.59,1.95,204.07,12.84,3.64,36.45,4.76,,,,,,,,,,,,,
West Lancashire,E07000127,117427,209.10,0.48,10.77,11.67,12.94,2.18,459.40,43.08,11.33,60.48,8.13,,,,,,,,,,,,,
West Lindsey,E07000142,95152,169.64,0.25,2.57,4.45,1.67,2.68,385.56,24.00,8.72,47.45,5.79,,,,,,,,,,,,,
West Northamptonshire,E06000062,425726,973.43,2.34,19.35,118.36,19.86,11.19,1713.11,174.68,51.25,231.61,31.12,,,,,,,,,,,,,
West Oxfordshire,E07000181,114233,319.60,0.65,4.21,17.91,0.88,4.07,439.43,28.65,22.19,68.07,7.22,,,,,,,,,,,,,
West Suffolk,E07000245,179951,326.96,1.04,5.47,16.36,4.79,6.26,799.42,57.77,32.12,125.18,13.14,,,,,,,,,,,,,
Westminster,E09000033,204240,879.45,151.33,32.22,109.61,15.38,8.82,103.85,8.40,55.77,189.60,21.83,,,,,,,,,,,,,
Westmorland and Furness,E06000064,226587,424.88,0.56,9.45,27.95,9.36,9.19,863.62,69.55,34.53,215.73,18.51,,,,,,,,,,,,,
Wigan,E08000010,329329,533.44,0.95,19.01,85.43,18.16,9.25,1387.69,126.53,28.66,165.43,20.84,,,,,,,,,,,,,
Wiltshire,E06000054,510336,1331.85,2.35,26.93,59.57,7.25,17.09,1897.25,135.45,68.86,328.04,34.77,,,,,,,,,,,,,
Winchester,E07000094,127448,406.66,0.95,8.95,13.40,1.64,3.39,375.18,25.22,12.43,82.48,8.12,,,,,,,,,,,,,
Windsor and Maidenhead,E06000040,153495,566.49,3.19,28.85,6.88,5.13,3.83,433.00,30.18,15.59,76.98,11.99,,,,,,,,,,,,,
Wirral,E08000015,320199,577.86,5.14,56.44,94.86,19.99,9.26,1108.97,93.47,29.03,141.00,25.19,,,,,,,,,,,,,
Woking,E07000217,103940,365.16,1.67,30.23,9.53,4.04,3.83,305.75,24.21,13.97,50.74,8.01,,,,,,,,,,,,,
Wokingham,E06000041,177499,702.62,1.92,21.32,20.70,1.89,4.09,517.16,32.86,17.92,55.43,10.16,,,,,,,,,,,,,
Wolverhampton,E08000031,263730,325.38,17.92,25.90,107.49,32.57,5.30,930.84,111.36,26.62,122.24,18.87,,,,,,,,,,,,,
Worcester,E07000237,103866,210.81,0.40,9.02,16.48,4.49,3.36,398.81,38.89,20.68,90.37,6.58,,,,,,,,,,,,,
Worthing,E07000229,111338,259.76,0.62,22.09,16.31,3.36,4.74,366.35,31.28,27.31,90.18,7.73,,,,,,,,,,,,,
Wrexham,W06000006,135115,174.71,0.22,3.45,23.63,10.64,3.69,589.66,67.56,10.58,65.72,7.68,,,,,,,,,,,,,
Wychavon,E07000238,132495,297.57,0.45,5.76,7.90,1.83,3.32,546.72,37.88,13.37,63.21,8.27,,,,,,,,,,,,,
Wyre,E07000128,111949,193.33,3.52,3.83,17.48,2.96,3.07,416.67,30.81,12.92,47.07,9.47,,,,,,,,,,,,,
Wyre Forest,E07000239,101609,163.59,0.26,7.19,5.64,4.93,3.08,424.98,35.74,8.46,50.41,5.13,,,,,,,,,,,,,
York,E06000014,202821,529.21,0.82,9.19,49.48,5.95,8.15,545.08,43.78,108.46,177.85,12.35,,,,,,,,,,,,,
,,,,,,,,,,,,,,,,,,,,,,,,,,
,,,,,,,,,,,,,,,,,,,,,,,,,,
,,,,,,,,,,,,,,,,,,,,,,,,,,
,,,,,,,,,,,,,,,,,,,,,,,,,,
,"In order to protect against disclosure of personal information, records",,,,,,,,,,,,,,,,,,,,,,,,,
,have been swapped between different geographic areas and counts perturbed,,,,,,,,,,,,,,,,,,,,,,,,,
,by small amounts. Small counts at the lowest geographies will be most,,,,,,,,,,,,,,,,,,,,,,,,,
,affected.,,,,,,,,,,,,,,,,,,,,,,,,,
,,,,,,,,,,,,,,,,,,,,,,,,,,
,,,,,,,,,,,,,,,,,,,,,,,,,,
,Census 2021 took place during a period of rapid change. We gave extra,,,,,,,,,,,,,,,,,,,,,,,,,
,guidance,,,,,,,,,,,,,,,,,,,,,,,,,
,"to help people on furlough answer the census questions about work. However,",,,,,,,,,,,,,,,,,,,,,,,,,
,we,,,,,,,,,,,,,,,,,,,,,,,,,
,are unable to determine how furloughed people followed the guidance. Take,,,,,,,,,,,,,,,,,,,,,,,,,
,care,,,,,,,,,,,,,,,,,,,,,,,,,
,when using this data for planning purposes. Read more about specific,,,,,,,,,,,,,,,,,,,,,,,,,
,quality,,,,,,,,,,,,,,,,,,,,,,,,,
,considerations in our,,,,,,,,,,,,,,,,,,,,,,,,,
,,,,,,,,,,,,,,,,,,,,,,,,,,
,https://www.ons.gov.uk/employmentandlabourmarket/peopleinwork/employmentandemployeetypes/methodologies/traveltoworkqualityinformationforcensus2021,,,,,,,,,,,,,,,,,,,,,,,,,
